Transaction Date,Post Date,Description,Category,Type,Amount,Memo
05/14/2024,05/14/2024,STARBUCKS #1000,Food & Drink,Sale,-86.71,
04/16/2024,04/16/2024,AMAZON.COM #1001,Shopping,Sale,-123.37,
01/24/2024,01/24/2024,UBER #1002,Travel,Sale,-104.87,
01/04/2024,01/04/2024,WHOLE FOODS #1003,Groceries,Sale,-145.76,
05/03/2024,05/03/2024,SHELL OIL #1004,Gas,Sale,-55.85,
03/15/2024,03/15/2024,NETFLIX #1005,Entertainment,Sale,-18.55,
11/05/2024,11/05/2024,CVS PHARMACY #1006,Health,Sale,-100.71,
11/06/2024,11/06/2024,UDEMY #1007,Education,Sale,-162.68,
04/15/2024,04/15/2024,STARBUCKS #1008,Food & Drink,Sale,-3.28,
02/05/2024,02/05/2024,AMAZON.COM #1009,Shopping,Sale,-73.67,
01/19/2024,01/19/2024,UBER #1010,Travel,Sale,-196.07,
12/09/2024,12/09/2024,WHOLE FOODS #1011,Groceries,Sale,-85.90,
08/12/2024,08/12/2024,SHELL OIL #1012,Gas,Sale,-19.15,
11/27/2024,11/27/2024,NETFLIX #1013,Entertainment,Sale,-54.02,
12/02/2024,12/02/2024,CVS PHARMACY #1014,Health,Sale,-51.33,
09/24/2024,09/24/2024,UDEMY #1015,Education,Sale,-178.23,
07/06/2024,07/06/2024,STARBUCKS #1016,Food & Drink,Sale,-161.31,
09/04/2024,09/04/2024,AMAZON.COM #1017,Shopping,Sale,-62.21,
12/03/2024,12/03/2024,UBER #1018,Travel,Sale,-34.99,
04/11/2024,04/11/2024,WHOLE FOODS #1019,Groceries,Sale,-118.97,
04/25/2024,04/25/2024,SHELL OIL #1020,Gas,Sale,-29.78,
07/26/2024,07/26/2024,NETFLIX #1021,Entertainment,Sale,-200.42,
06/28/2024,06/28/2024,CVS PHARMACY #1022,Health,Sale,-181.34,
03/25/2024,03/25/2024,UDEMY #1023,Education,Sale,-31.01,
04/17/2024,04/17/2024,STARBUCKS #1024,Food & Drink,Sale,-27.04,
06/23/2024,06/23/2024,AMAZON.COM #1025,Shopping,Sale,-195.50,
01/09/2024,01/09/2024,UBER #1026,Travel,Sale,-128.22,
10/08/2024,10/08/2024,WHOLE FOODS #1027,Groceries,Sale,-33.33,
12/19/2024,12/19/2024,SHELL OIL #1028,Gas,Sale,-22.67,
05/11/2024,05/11/2024,NETFLIX #1029,Entertainment,Sale,-164.55,
05/18/2024,05/18/2024,CVS PHARMACY #1030,Health,Sale,-16.92,
02/23/2024,02/23/2024,UDEMY #1031,Education,Sale,-131.65,
08/11/2024,08/11/2024,STARBUCKS #1032,Food & Drink,Sale,-79.50,
10/12/2024,10/12/2024,AMAZON.COM #1033,Shopping,Sale,-44.68,
11/17/2024,11/17/2024,UBER #1034,Travel,Sale,-65.08,
01/02/2024,01/02/2024,WHOLE FOODS #1035,Groceries,Sale,-124.27,
02/13/2024,02/13/2024,SHELL OIL #1036,Gas,Sale,-116.03,
01/28/2024,01/28/2024,NETFLIX #1037,Entertainment,Sale,-14.31,
11/04/2024,11/04/2024,CVS PHARMACY #1038,Health,Sale,-131.70,
07/22/2024,07/22/2024,UDEMY #1039,Education,Sale,-28.31,
06/26/2024,06/26/2024,STARBUCKS #1040,Food & Drink,Sale,-71.43,
09/05/2024,09/05/2024,AMAZON.COM #1041,Shopping,Sale,-105.95,
09/05/2024,09/05/2024,UBER #1042,Travel,Sale,-66.73,
11/18/2024,11/18/2024,WHOLE FOODS #1043,Groceries,Sale,-118.08,
04/15/2024,04/15/2024,SHELL OIL #1044,Gas,Sale,-153.59,
07/02/2024,07/02/2024,NETFLIX #1045,Entertainment,Sale,-80.53,
12/27/2024,12/27/2024,CVS PHARMACY #1046,Health,Sale,-27.50,
07/24/2024,07/24/2024,UDEMY #1047,Education,Sale,-197.97,
06/19/2024,06/19/2024,STARBUCKS #1048,Food & Drink,Sale,-74.80,
12/16/2024,12/16/2024,AMAZON.COM #1049,Shopping,Sale,-163.82,
03/04/2024,03/04/2024,UBER #1050,Travel,Sale,-44.34,
03/14/2024,03/14/2024,WHOLE FOODS #1051,Groceries,Sale,-152.94,
11/03/2024,11/03/2024,SHELL OIL #1052,Gas,Sale,-161.04,
10/14/2024,10/14/2024,NETFLIX #1053,Entertainment,Sale,-174.77,
11/22/2024,11/22/2024,CVS PHARMACY #1054,Health,Sale,-115.66,
10/05/2024,10/05/2024,UDEMY #1055,Education,Sale,-193.69,
08/17/2024,08/17/2024,STARBUCKS #1056,Food & Drink,Sale,-177.64,
06/10/2024,06/10/2024,AMAZON.COM #1057,Shopping,Sale,-51.04,
05/28/2024,05/28/2024,UBER #1058,Travel,Sale,-171.15,
04/11/2024,04/11/2024,WHOLE FOODS #1059,Groceries,Sale,-38.16,
12/02/2024,12/02/2024,SHELL OIL #1060,Gas,Sale,-23.65,
08/23/2024,08/23/2024,NETFLIX #1061,Entertainment,Sale,-109.75,
06/24/2024,06/24/2024,CVS PHARMACY #1062,Health,Sale,-192.75,
03/25/2024,03/25/2024,UDEMY #1063,Education,Sale,-124.60,
08/24/2024,08/24/2024,STARBUCKS #1064,Food & Drink,Sale,-107.90,
05/14/2024,05/14/2024,AMAZON.COM #1065,Shopping,Sale,-97.54,
11/16/2024,11/16/2024,UBER #1066,Travel,Sale,-156.66,
09/15/2024,09/15/2024,WHOLE FOODS #1067,Groceries,Sale,-10.75,
11/15/2024,11/15/2024,SHELL OIL #1068,Gas,Sale,-13.60,
04/01/2024,04/01/2024,NETFLIX #1069,Entertainment,Sale,-130.14,
08/22/2024,08/22/2024,CVS PHARMACY #1070,Health,Sale,-33.74,
05/19/2024,05/19/2024,UDEMY #1071,Education,Sale,-26.92,
06/16/2024,06/16/2024,STARBUCKS #1072,Food & Drink,Sale,-129.50,
02/07/2024,02/07/2024,AMAZON.COM #1073,Shopping,Sale,-148.76,
01/20/2024,01/20/2024,UBER #1074,Travel,Sale,-179.34,
11/13/2024,11/13/2024,WHOLE FOODS #1075,Groceries,Sale,-153.12,
07/26/2024,07/26/2024,SHELL OIL #1076,Gas,Sale,-124.49,
12/11/2024,12/11/2024,NETFLIX #1077,Entertainment,Sale,-167.58,
05/23/2024,05/23/2024,CVS PHARMACY #1078,Health,Sale,-57.89,
09/06/2024,09/06/2024,UDEMY #1079,Education,Sale,-102.34,
02/04/2024,02/04/2024,STARBUCKS #1080,Food & Drink,Sale,-197.36,
04/11/2024,04/11/2024,AMAZON.COM #1081,Shopping,Sale,-10.59,
08/18/2024,08/18/2024,UBER #1082,Travel,Sale,-99.89,
01/21/2024,01/21/2024,WHOLE FOODS #1083,Groceries,Sale,-41.96,
06/27/2024,06/27/2024,SHELL OIL #1084,Gas,Sale,-80.13,
07/25/2024,07/25/2024,NETFLIX #1085,Entertainment,Sale,-29.65,
09/16/2024,09/16/2024,CVS PHARMACY #1086,Health,Sale,-166.25,
10/03/2024,10/03/2024,UDEMY #1087,Education,Sale,-93.13,
05/08/2024,05/08/2024,STARBUCKS #1088,Food & Drink,Sale,-33.21,
07/22/2024,07/22/2024,AMAZON.COM #1089,Shopping,Sale,-137.20,
07/25/2024,07/25/2024,UBER #1090,Travel,Sale,-121.53,
02/25/2024,02/25/2024,WHOLE FOODS #1091,Groceries,Sale,-81.88,
08/25/2024,08/25/2024,SHELL OIL #1092,Gas,Sale,-20.97,
08/15/2024,08/15/2024,NETFLIX #1093,Entertainment,Sale,-93.57,
10/08/2024,10/08/2024,CVS PHARMACY #1094,Health,Sale,-173.70,
07/20/2024,07/20/2024,UDEMY #1095,Education,Sale,-16.33,
01/14/2024,01/14/2024,STARBUCKS #1096,Food & Drink,Sale,-127.54,
09/18/2024,09/18/2024,AMAZON.COM #1097,Shopping,Sale,-65.86,
03/12/2024,03/12/2024,UBER #1098,Travel,Sale,-154.41,
04/05/2024,04/05/2024,WHOLE FOODS #1099,Groceries,Sale,-195.20,
06/24/2024,06/24/2024,SHELL OIL #1100,Gas,Sale,-187.69,
07/04/2024,07/04/2024,NETFLIX #1101,Entertainment,Sale,-196.11,
10/12/2024,10/12/2024,CVS PHARMACY #1102,Health,Sale,-61.39,
09/20/2024,09/20/2024,UDEMY #1103,Education,Sale,-17.31,
12/08/2024,12/08/2024,STARBUCKS #1104,Food & Drink,Sale,-120.76,
10/07/2024,10/07/2024,AMAZON.COM #1105,Shopping,Sale,-47.21,
08/23/2024,08/23/2024,UBER #1106,Travel,Sale,-109.70,
03/12/2024,03/12/2024,WHOLE FOODS #1107,Groceries,Sale,-156.60,
11/24/2024,11/24/2024,SHELL OIL #1108,Gas,Sale,-169.44,
07/22/2024,07/22/2024,NETFLIX #1109,Entertainment,Sale,-191.07,
09/23/2024,09/23/2024,CVS PHARMACY #1110,Health,Sale,-108.73,
07/19/2024,07/19/2024,UDEMY #1111,Education,Sale,-21.98,
02/10/2024,02/10/2024,STARBUCKS #1112,Food & Drink,Sale,-41.31,
06/05/2024,06/05/2024,AMAZON.COM #1113,Shopping,Sale,-66.21,
09/03/2024,09/03/2024,UBER #1114,Travel,Sale,-120.91,
08/06/2024,08/06/2024,WHOLE FOODS #1115,Groceries,Sale,-108.96,
09/28/2024,09/28/2024,SHELL OIL #1116,Gas,Sale,-155.54,
11/26/2024,11/26/2024,NETFLIX #1117,Entertainment,Sale,-5.29,
04/08/2024,04/08/2024,CVS PHARMACY #1118,Health,Sale,-55.24,
09/20/2024,09/20/2024,UDEMY #1119,Education,Sale,-196.44,
12/11/2024,12/11/2024,STARBUCKS #1120,Food & Drink,Sale,-198.63,
09/04/2024,09/04/2024,AMAZON.COM #1121,Shopping,Sale,-192.23,
04/17/2024,04/17/2024,UBER #1122,Travel,Sale,-47.99,
10/19/2024,10/19/2024,WHOLE FOODS #1123,Groceries,Sale,-148.25,
06/25/2024,06/25/2024,SHELL OIL #1124,Gas,Sale,-176.03,
07/26/2024,07/26/2024,NETFLIX #1125,Entertainment,Sale,-133.10,
10/18/2024,10/18/2024,CVS PHARMACY #1126,Health,Sale,-102.30,
12/06/2024,12/06/2024,UDEMY #1127,Education,Sale,-26.22,
09/09/2024,09/09/2024,STARBUCKS #1128,Food & Drink,Sale,-164.75,
08/16/2024,08/16/2024,AMAZON.COM #1129,Shopping,Sale,-134.82,
11/20/2024,11/20/2024,UBER #1130,Travel,Sale,-171.90,
12/18/2024,12/18/2024,WHOLE FOODS #1131,Groceries,Sale,-173.49,
08/07/2024,08/07/2024,SHELL OIL #1132,Gas,Sale,-170.10,
11/21/2024,11/21/2024,NETFLIX #1133,Entertainment,Sale,-37.69,
12/08/2024,12/08/2024,CVS PHARMACY #1134,Health,Sale,-4.18,
05/24/2024,05/24/2024,UDEMY #1135,Education,Sale,-149.99,
08/10/2024,08/10/2024,STARBUCKS #1136,Food & Drink,Sale,-120.01,
04/14/2024,04/14/2024,AMAZON.COM #1137,Shopping,Sale,-152.52,
09/28/2024,09/28/2024,UBER #1138,Travel,Sale,-56.51,
10/27/2024,10/27/2024,WHOLE FOODS #1139,Groceries,Sale,-173.09,
09/10/2024,09/10/2024,SHELL OIL #1140,Gas,Sale,-173.71,
11/01/2024,11/01/2024,NETFLIX #1141,Entertainment,Sale,-157.41,
11/20/2024,11/20/2024,CVS PHARMACY #1142,Health,Sale,-164.33,
07/03/2024,07/03/2024,UDEMY #1143,Education,Sale,-132.10,
02/10/2024,02/10/2024,STARBUCKS #1144,Food & Drink,Sale,-172.59,
03/08/2024,03/08/2024,AMAZON.COM #1145,Shopping,Sale,-192.63,
09/21/2024,09/21/2024,UBER #1146,Travel,Sale,-13.64,
01/11/2024,01/11/2024,WHOLE FOODS #1147,Groceries,Sale,-36.80,
05/17/2024,05/17/2024,SHELL OIL #1148,Gas,Sale,-162.93,
11/09/2024,11/09/2024,NETFLIX #1149,Entertainment,Sale,-136.45,
03/26/2024,03/26/2024,CVS PHARMACY #1150,Health,Sale,-51.01,
08/17/2024,08/17/2024,UDEMY #1151,Education,Sale,-125.59,
07/16/2024,07/16/2024,STARBUCKS #1152,Food & Drink,Sale,-43.08,
05/09/2024,05/09/2024,AMAZON.COM #1153,Shopping,Sale,-43.18,
01/26/2024,01/26/2024,UBER #1154,Travel,Sale,-49.46,
03/14/2024,03/14/2024,WHOLE FOODS #1155,Groceries,Sale,-100.32,
09/05/2024,09/05/2024,SHELL OIL #1156,Gas,Sale,-185.95,
11/05/2024,11/05/2024,NETFLIX #1157,Entertainment,Sale,-131.29,
11/19/2024,11/19/2024,CVS PHARMACY #1158,Health,Sale,-108.67,
02/14/2024,02/14/2024,UDEMY #1159,Education,Sale,-38.98,
11/10/2024,11/10/2024,STARBUCKS #1160,Food & Drink,Sale,-161.97,
05/14/2024,05/14/2024,AMAZON.COM #1161,Shopping,Sale,-185.24,
07/26/2024,07/26/2024,UBER #1162,Travel,Sale,-152.47,
04/14/2024,04/14/2024,WHOLE FOODS #1163,Groceries,Sale,-36.79,
12/09/2024,12/09/2024,SHELL OIL #1164,Gas,Sale,-122.84,
01/09/2024,01/09/2024,NETFLIX #1165,Entertainment,Sale,-127.03,
08/23/2024,08/23/2024,CVS PHARMACY #1166,Health,Sale,-117.28,
08/13/2024,08/13/2024,UDEMY #1167,Education,Sale,-85.04,
08/01/2024,08/01/2024,STARBUCKS #1168,Food & Drink,Sale,-53.19,
09/19/2024,09/19/2024,AMAZON.COM #1169,Shopping,Sale,-7.15,
04/24/2024,04/24/2024,UBER #1170,Travel,Sale,-44.23,
12/08/2024,12/08/2024,WHOLE FOODS #1171,Groceries,Sale,-61.14,
11/01/2024,11/01/2024,SHELL OIL #1172,Gas,Sale,-151.52,
07/15/2024,07/15/2024,NETFLIX #1173,Entertainment,Sale,-12.18,
08/11/2024,08/11/2024,CVS PHARMACY #1174,Health,Sale,-28.20,
02/23/2024,02/23/2024,UDEMY #1175,Education,Sale,-149.71,
08/24/2024,08/24/2024,STARBUCKS #1176,Food & Drink,Sale,-16.22,
10/27/2024,10/27/2024,AMAZON.COM #1177,Shopping,Sale,-53.63,
07/09/2024,07/09/2024,UBER #1178,Travel,Sale,-61.22,
09/17/2024,09/17/2024,WHOLE FOODS #1179,Groceries,Sale,-61.12,
07/26/2024,07/26/2024,SHELL OIL #1180,Gas,Sale,-46.80,
03/17/2024,03/17/2024,NETFLIX #1181,Entertainment,Sale,-5.83,
08/18/2024,08/18/2024,CVS PHARMACY #1182,Health,Sale,-23.52,
02/09/2024,02/09/2024,UDEMY #1183,Education,Sale,-158.92,
04/03/2024,04/03/2024,STARBUCKS #1184,Food & Drink,Sale,-105.68,
03/25/2024,03/25/2024,AMAZON.COM #1185,Shopping,Sale,-36.08,
09/11/2024,09/11/2024,UBER #1186,Travel,Sale,-112.61,
02/15/2024,02/15/2024,WHOLE FOODS #1187,Groceries,Sale,-137.61,
11/27/2024,11/27/2024,SHELL OIL #1188,Gas,Sale,-95.45,
02/16/2024,02/16/2024,NETFLIX #1189,Entertainment,Sale,-122.99,
06/20/2024,06/20/2024,CVS PHARMACY #1190,Health,Sale,-185.26,
04/04/2024,04/04/2024,UDEMY #1191,Education,Sale,-87.46,
02/26/2024,02/26/2024,STARBUCKS #1192,Food & Drink,Sale,-143.89,
04/15/2024,04/15/2024,AMAZON.COM #1193,Shopping,Sale,-193.17,
05/18/2024,05/18/2024,UBER #1194,Travel,Sale,-27.08,
09/27/2024,09/27/2024,WHOLE FOODS #1195,Groceries,Sale,-65.64,
09/15/2024,09/15/2024,SHELL OIL #1196,Gas,Sale,-57.11,
05/19/2024,05/19/2024,NETFLIX #1197,Entertainment,Sale,-38.45,
06/01/2024,06/01/2024,CVS PHARMACY #1198,Health,Sale,-121.72,
03/20/2024,03/20/2024,UDEMY #1199,Education,Sale,-167.26,
02/08/2024,02/08/2024,STARBUCKS #1200,Food & Drink,Sale,-132.18,
07/15/2024,07/15/2024,AMAZON.COM #1201,Shopping,Sale,-94.27,
08/12/2024,08/12/2024,UBER #1202,Travel,Sale,-84.70,
05/16/2024,05/16/2024,WHOLE FOODS #1203,Groceries,Sale,-42.89,
10/03/2024,10/03/2024,SHELL OIL #1204,Gas,Sale,-93.46,
04/14/2024,04/14/2024,NETFLIX #1205,Entertainment,Sale,-5.31,
11/24/2024,11/24/2024,CVS PHARMACY #1206,Health,Sale,-102.09,
12/26/2024,12/26/2024,UDEMY #1207,Education,Sale,-72.29,
02/11/2024,02/11/2024,STARBUCKS #1208,Food & Drink,Sale,-45.04,
04/10/2024,04/10/2024,AMAZON.COM #1209,Shopping,Sale,-199.33,
03/27/2024,03/27/2024,UBER #1210,Travel,Sale,-61.44,
03/21/2024,03/21/2024,WHOLE FOODS #1211,Groceries,Sale,-81.64,
10/14/2024,10/14/2024,SHELL OIL #1212,Gas,Sale,-20.11,
02/11/2024,02/11/2024,NETFLIX #1213,Entertainment,Sale,-186.89,
04/17/2024,04/17/2024,CVS PHARMACY #1214,Health,Sale,-64.21,
05/06/2024,05/06/2024,UDEMY #1215,Education,Sale,-124.92,
12/26/2024,12/26/2024,STARBUCKS #1216,Food & Drink,Sale,-186.42,
05/13/2024,05/13/2024,AMAZON.COM #1217,Shopping,Sale,-46.24,
11/22/2024,11/22/2024,UBER #1218,Travel,Sale,-3.84,
08/08/2024,08/08/2024,WHOLE FOODS #1219,Groceries,Sale,-184.30,
04/28/2024,04/28/2024,SHELL OIL #1220,Gas,Sale,-17.19,
07/09/2024,07/09/2024,NETFLIX #1221,Entertainment,Sale,-54.76,
02/04/2024,02/04/2024,CVS PHARMACY #1222,Health,Sale,-186.69,
03/13/2024,03/13/2024,UDEMY #1223,Education,Sale,-14.52,
04/21/2024,04/21/2024,STARBUCKS #1224,Food & Drink,Sale,-40.77,
10/13/2024,10/13/2024,AMAZON.COM #1225,Shopping,Sale,-68.15,
01/12/2024,01/12/2024,UBER #1226,Travel,Sale,-166.09,
02/18/2024,02/18/2024,WHOLE FOODS #1227,Groceries,Sale,-5.75,
12/01/2024,12/01/2024,SHELL OIL #1228,Gas,Sale,-68.03,
02/20/2024,02/20/2024,NETFLIX #1229,Entertainment,Sale,-56.14,
03/14/2024,03/14/2024,CVS PHARMACY #1230,Health,Sale,-129.08,
10/07/2024,10/07/2024,UDEMY #1231,Education,Sale,-197.70,
06/02/2024,06/02/2024,STARBUCKS #1232,Food & Drink,Sale,-120.69,
11/20/2024,11/20/2024,AMAZON.COM #1233,Shopping,Sale,-19.56,
08/11/2024,08/11/2024,UBER #1234,Travel,Sale,-80.73,
08/18/2024,08/18/2024,WHOLE FOODS #1235,Groceries,Sale,-200.07,
02/02/2024,02/02/2024,SHELL OIL #1236,Gas,Sale,-175.17,
11/15/2024,11/15/2024,NETFLIX #1237,Entertainment,Sale,-15.58,
12/03/2024,12/03/2024,CVS PHARMACY #1238,Health,Sale,-161.03,
09/25/2024,09/25/2024,UDEMY #1239,Education,Sale,-81.67,
08/26/2024,08/26/2024,STARBUCKS #1240,Food & Drink,Sale,-34.66,
09/06/2024,09/06/2024,AMAZON.COM #1241,Shopping,Sale,-92.65,
04/25/2024,04/25/2024,UBER #1242,Travel,Sale,-68.45,
05/23/2024,05/23/2024,WHOLE FOODS #1243,Groceries,Sale,-161.71,
05/19/2024,05/19/2024,SHELL OIL #1244,Gas,Sale,-199.57,
05/08/2024,05/08/2024,NETFLIX #1245,Entertainment,Sale,-79.50,
04/06/2024,04/06/2024,CVS PHARMACY #1246,Health,Sale,-59.25,
05/18/2024,05/18/2024,UDEMY #1247,Education,Sale,-180.30,
05/03/2024,05/03/2024,STARBUCKS #1248,Food & Drink,Sale,-147.69,
11/19/2024,11/19/2024,AMAZON.COM #1249,Shopping,Sale,-157.40,
07/17/2024,07/17/2024,UBER #1250,Travel,Sale,-45.44,
02/03/2024,02/03/2024,WHOLE FOODS #1251,Groceries,Sale,-22.28,
08/05/2024,08/05/2024,SHELL OIL #1252,Gas,Sale,-160.12,
08/26/2024,08/26/2024,NETFLIX #1253,Entertainment,Sale,-95.89,
11/20/2024,11/20/2024,CVS PHARMACY #1254,Health,Sale,-108.54,
11/21/2024,11/21/2024,UDEMY #1255,Education,Sale,-120.21,
03/18/2024,03/18/2024,STARBUCKS #1256,Food & Drink,Sale,-116.80,
01/11/2024,01/11/2024,AMAZON.COM #1257,Shopping,Sale,-174.65,
02/25/2024,02/25/2024,UBER #1258,Travel,Sale,-66.29,
10/14/2024,10/14/2024,WHOLE FOODS #1259,Groceries,Sale,-154.03,
04/03/2024,04/03/2024,SHELL OIL #1260,Gas,Sale,-116.92,
06/28/2024,06/28/2024,NETFLIX #1261,Entertainment,Sale,-151.23,
01/21/2024,01/21/2024,CVS PHARMACY #1262,Health,Sale,-9.55,
02/07/2024,02/07/2024,UDEMY #1263,Education,Sale,-58.18,
07/15/2024,07/15/2024,STARBUCKS #1264,Food & Drink,Sale,-25.08,
09/17/2024,09/17/2024,AMAZON.COM #1265,Shopping,Sale,-150.41,
10/17/2024,10/17/2024,UBER #1266,Travel,Sale,-91.86,
02/05/2024,02/05/2024,WHOLE FOODS #1267,Groceries,Sale,-42.46,
11/16/2024,11/16/2024,SHELL OIL #1268,Gas,Sale,-134.14,
12/06/2024,12/06/2024,NETFLIX #1269,Entertainment,Sale,-80.12,
06/08/2024,06/08/2024,CVS PHARMACY #1270,Health,Sale,-116.15,
12/14/2024,12/14/2024,UDEMY #1271,Education,Sale,-41.82,
03/25/2024,03/25/2024,STARBUCKS #1272,Food & Drink,Sale,-50.85,
05/03/2024,05/03/2024,AMAZON.COM #1273,Shopping,Sale,-71.25,
07/06/2024,07/06/2024,UBER #1274,Travel,Sale,-170.26,
09/05/2024,09/05/2024,WHOLE FOODS #1275,Groceries,Sale,-53.31,
05/02/2024,05/02/2024,SHELL OIL #1276,Gas,Sale,-149.80,
05/08/2024,05/08/2024,NETFLIX #1277,Entertainment,Sale,-37.42,
03/19/2024,03/19/2024,CVS PHARMACY #1278,Health,Sale,-119.24,
11/03/2024,11/03/2024,UDEMY #1279,Education,Sale,-121.57,
02/13/2024,02/13/2024,STARBUCKS #1280,Food & Drink,Sale,-140.65,
07/25/2024,07/25/2024,AMAZON.COM #1281,Shopping,Sale,-115.55,
04/24/2024,04/24/2024,UBER #1282,Travel,Sale,-128.26,
02/19/2024,02/19/2024,WHOLE FOODS #1283,Groceries,Sale,-102.90,
05/28/2024,05/28/2024,SHELL OIL #1284,Gas,Sale,-73.91,
08/04/2024,08/04/2024,NETFLIX #1285,Entertainment,Sale,-72.91,
07/24/2024,07/24/2024,CVS PHARMACY #1286,Health,Sale,-99.70,
11/06/2024,11/06/2024,UDEMY #1287,Education,Sale,-176.30,
05/19/2024,05/19/2024,STARBUCKS #1288,Food & Drink,Sale,-187.80,
01/07/2024,01/07/2024,AMAZON.COM #1289,Shopping,Sale,-119.93,
05/27/2024,05/27/2024,UBER #1290,Travel,Sale,-196.71,
02/26/2024,02/26/2024,WHOLE FOODS #1291,Groceries,Sale,-193.35,
08/14/2024,08/14/2024,SHELL OIL #1292,Gas,Sale,-28.48,
11/04/2024,11/04/2024,NETFLIX #1293,Entertainment,Sale,-63.06,
04/06/2024,04/06/2024,CVS PHARMACY #1294,Health,Sale,-123.42,
10/01/2024,10/01/2024,UDEMY #1295,Education,Sale,-149.64,
02/22/2024,02/22/2024,STARBUCKS #1296,Food & Drink,Sale,-107.55,
08/08/2024,08/08/2024,AMAZON.COM #1297,Shopping,Sale,-160.69,
09/08/2024,09/08/2024,UBER #1298,Travel,Sale,-44.98,
04/21/2024,04/21/2024,WHOLE FOODS #1299,Groceries,Sale,-96.09,
05/05/2024,05/05/2024,SHELL OIL #1300,Gas,Sale,-130.12,
05/03/2024,05/03/2024,NETFLIX #1301,Entertainment,Sale,-50.44,
10/09/2024,10/09/2024,CVS PHARMACY #1302,Health,Sale,-197.59,
08/26/2024,08/26/2024,UDEMY #1303,Education,Sale,-136.43,
01/22/2024,01/22/2024,STARBUCKS #1304,Food & Drink,Sale,-175.80,
05/03/2024,05/03/2024,AMAZON.COM #1305,Shopping,Sale,-7.05,
05/08/2024,05/08/2024,UBER #1306,Travel,Sale,-45.09,
05/28/2024,05/28/2024,WHOLE FOODS #1307,Groceries,Sale,-93.24,
09/02/2024,09/02/2024,SHELL OIL #1308,Gas,Sale,-182.65,
07/07/2024,07/07/2024,NETFLIX #1309,Entertainment,Sale,-133.44,
11/28/2024,11/28/2024,CVS PHARMACY #1310,Health,Sale,-164.91,
05/13/2024,05/13/2024,UDEMY #1311,Education,Sale,-196.85,
12/20/2024,12/20/2024,STARBUCKS #1312,Food & Drink,Sale,-17.71,
11/22/2024,11/22/2024,AMAZON.COM #1313,Shopping,Sale,-182.57,
04/19/2024,04/19/2024,UBER #1314,Travel,Sale,-124.91,
01/03/2024,01/03/2024,WHOLE FOODS #1315,Groceries,Sale,-154.25,
03/07/2024,03/07/2024,SHELL OIL #1316,Gas,Sale,-119.73,
03/13/2024,03/13/2024,NETFLIX #1317,Entertainment,Sale,-76.12,
05/05/2024,05/05/2024,CVS PHARMACY #1318,Health,Sale,-43.68,
04/26/2024,04/26/2024,UDEMY #1319,Education,Sale,-106.93,
04/23/2024,04/23/2024,STARBUCKS #1320,Food & Drink,Sale,-76.22,
07/04/2024,07/04/2024,AMAZON.COM #1321,Shopping,Sale,-104.94,
11/03/2024,11/03/2024,UBER #1322,Travel,Sale,-141.72,
03/19/2024,03/19/2024,WHOLE FOODS #1323,Groceries,Sale,-88.63,
09/03/2024,09/03/2024,SHELL OIL #1324,Gas,Sale,-198.79,
09/02/2024,09/02/2024,NETFLIX #1325,Entertainment,Sale,-112.63,
09/28/2024,09/28/2024,CVS PHARMACY #1326,Health,Sale,-151.42,
11/23/2024,11/23/2024,UDEMY #1327,Education,Sale,-23.50,
08/06/2024,08/06/2024,STARBUCKS #1328,Food & Drink,Sale,-160.80,
08/28/2024,08/28/2024,AMAZON.COM #1329,Shopping,Sale,-58.56,
09/20/2024,09/20/2024,UBER #1330,Travel,Sale,-73.58,
07/01/2024,07/01/2024,WHOLE FOODS #1331,Groceries,Sale,-53.59,
02/17/2024,02/17/2024,SHELL OIL #1332,Gas,Sale,-59.03,
07/24/2024,07/24/2024,NETFLIX #1333,Entertainment,Sale,-80.88,
12/03/2024,12/03/2024,CVS PHARMACY #1334,Health,Sale,-167.08,
09/15/2024,09/15/2024,UDEMY #1335,Education,Sale,-4.39,
03/01/2024,03/01/2024,STARBUCKS #1336,Food & Drink,Sale,-135.57,
12/03/2024,12/03/2024,AMAZON.COM #1337,Shopping,Sale,-115.84,
01/14/2024,01/14/2024,UBER #1338,Travel,Sale,-126.94,
03/08/2024,03/08/2024,WHOLE FOODS #1339,Groceries,Sale,-191.14,
12/26/2024,12/26/2024,SHELL OIL #1340,Gas,Sale,-96.48,
11/16/2024,11/16/2024,NETFLIX #1341,Entertainment,Sale,-128.10,
07/26/2024,07/26/2024,CVS PHARMACY #1342,Health,Sale,-196.97,
12/03/2024,12/03/2024,UDEMY #1343,Education,Sale,-77.66,
07/18/2024,07/18/2024,STARBUCKS #1344,Food & Drink,Sale,-22.19,
10/01/2024,10/01/2024,AMAZON.COM #1345,Shopping,Sale,-157.67,
02/05/2024,02/05/2024,UBER #1346,Travel,Sale,-62.93,
07/18/2024,07/18/2024,WHOLE FOODS #1347,Groceries,Sale,-173.50,
08/07/2024,08/07/2024,SHELL OIL #1348,Gas,Sale,-4.35,
03/05/2024,03/05/2024,NETFLIX #1349,Entertainment,Sale,-128.46,
12/02/2024,12/02/2024,CVS PHARMACY #1350,Health,Sale,-147.17,
06/27/2024,06/27/2024,UDEMY #1351,Education,Sale,-123.55,
04/11/2024,04/11/2024,STARBUCKS #1352,Food & Drink,Sale,-112.68,
10/28/2024,10/28/2024,AMAZON.COM #1353,Shopping,Sale,-152.22,
04/06/2024,04/06/2024,UBER #1354,Travel,Sale,-7.76,
01/27/2024,01/27/2024,WHOLE FOODS #1355,Groceries,Sale,-57.23,
08/23/2024,08/23/2024,SHELL OIL #1356,Gas,Sale,-181.14,
01/08/2024,01/08/2024,NETFLIX #1357,Entertainment,Sale,-59.37,
10/20/2024,10/20/2024,CVS PHARMACY #1358,Health,Sale,-52.69,
08/20/2024,08/20/2024,UDEMY #1359,Education,Sale,-169.07,
12/08/2024,12/08/2024,STARBUCKS #1360,Food & Drink,Sale,-38.02,
12/17/2024,12/17/2024,AMAZON.COM #1361,Shopping,Sale,-80.93,
03/27/2024,03/27/2024,UBER #1362,Travel,Sale,-5.25,
04/01/2024,04/01/2024,WHOLE FOODS #1363,Groceries,Sale,-179.45,
07/03/2024,07/03/2024,SHELL OIL #1364,Gas,Sale,-178.69,
11/23/2024,11/23/2024,NETFLIX #1365,Entertainment,Sale,-183.57,
12/07/2024,12/07/2024,CVS PHARMACY #1366,Health,Sale,-131.68,
11/19/2024,11/19/2024,UDEMY #1367,Education,Sale,-192.11,
01/23/2024,01/23/2024,STARBUCKS #1368,Food & Drink,Sale,-78.48,
08/12/2024,08/12/2024,AMAZON.COM #1369,Shopping,Sale,-133.51,
06/12/2024,06/12/2024,UBER #1370,Travel,Sale,-36.97,
05/03/2024,05/03/2024,WHOLE FOODS #1371,Groceries,Sale,-21.85,
04/15/2024,04/15/2024,SHELL OIL #1372,Gas,Sale,-15.34,
01/05/2024,01/05/2024,NETFLIX #1373,Entertainment,Sale,-100.59,
01/13/2024,01/13/2024,CVS PHARMACY #1374,Health,Sale,-135.77,
04/21/2024,04/21/2024,UDEMY #1375,Education,Sale,-166.84,
01/26/2024,01/26/2024,STARBUCKS #1376,Food & Drink,Sale,-200.52,
08/18/2024,08/18/2024,AMAZON.COM #1377,Shopping,Sale,-58.43,
05/03/2024,05/03/2024,UBER #1378,Travel,Sale,-72.22,
10/25/2024,10/25/2024,WHOLE FOODS #1379,Groceries,Sale,-165.83,
03/20/2024,03/20/2024,SHELL OIL #1380,Gas,Sale,-198.40,
05/06/2024,05/06/2024,NETFLIX #1381,Entertainment,Sale,-2.37,
01/28/2024,01/28/2024,CVS PHARMACY #1382,Health,Sale,-186.74,
02/06/2024,02/06/2024,UDEMY #1383,Education,Sale,-143.62,
10/20/2024,10/20/2024,STARBUCKS #1384,Food & Drink,Sale,-43.73,
04/21/2024,04/21/2024,AMAZON.COM #1385,Shopping,Sale,-129.58,
02/19/2024,02/19/2024,UBER #1386,Travel,Sale,-110.36,
07/15/2024,07/15/2024,WHOLE FOODS #1387,Groceries,Sale,-83.99,
02/09/2024,02/09/2024,SHELL OIL #1388,Gas,Sale,-168.21,
08/21/2024,08/21/2024,NETFLIX #1389,Entertainment,Sale,-68.22,
02/01/2024,02/01/2024,CVS PHARMACY #1390,Health,Sale,-68.07,
11/24/2024,11/24/2024,UDEMY #1391,Education,Sale,-157.52,
05/13/2024,05/13/2024,STARBUCKS #1392,Food & Drink,Sale,-69.75,
08/14/2024,08/14/2024,AMAZON.COM #1393,Shopping,Sale,-47.43,
01/10/2024,01/10/2024,UBER #1394,Travel,Sale,-131.82,
08/22/2024,08/22/2024,WHOLE FOODS #1395,Groceries,Sale,-182.90,
02/15/2024,02/15/2024,SHELL OIL #1396,Gas,Sale,-3.24,
04/27/2024,04/27/2024,NETFLIX #1397,Entertainment,Sale,-195.63,
08/18/2024,08/18/2024,CVS PHARMACY #1398,Health,Sale,-107.18,
05/18/2024,05/18/2024,UDEMY #1399,Education,Sale,-88.64,
02/18/2024,02/18/2024,STARBUCKS #1400,Food & Drink,Sale,-31.83,
11/15/2024,11/15/2024,AMAZON.COM #1401,Shopping,Sale,-196.13,
02/25/2024,02/25/2024,UBER #1402,Travel,Sale,-132.30,
01/08/2024,01/08/2024,WHOLE FOODS #1403,Groceries,Sale,-157.80,
07/07/2024,07/07/2024,SHELL OIL #1404,Gas,Sale,-162.91,
09/16/2024,09/16/2024,NETFLIX #1405,Entertainment,Sale,-15.44,
08/06/2024,08/06/2024,CVS PHARMACY #1406,Health,Sale,-119.64,
09/02/2024,09/02/2024,UDEMY #1407,Education,Sale,-22.45,
05/21/2024,05/21/2024,STARBUCKS #1408,Food & Drink,Sale,-194.59,
06/12/2024,06/12/2024,AMAZON.COM #1409,Shopping,Sale,-105.44,
12/09/2024,12/09/2024,UBER #1410,Travel,Sale,-67.86,
08/23/2024,08/23/2024,WHOLE FOODS #1411,Groceries,Sale,-73.45,
06/17/2024,06/17/2024,SHELL OIL #1412,Gas,Sale,-65.44,
05/01/2024,05/01/2024,NETFLIX #1413,Entertainment,Sale,-126.08,
01/10/2024,01/10/2024,CVS PHARMACY #1414,Health,Sale,-192.57,
10/18/2024,10/18/2024,UDEMY #1415,Education,Sale,-74.90,
11/12/2024,11/12/2024,STARBUCKS #1416,Food & Drink,Sale,-114.95,
07/28/2024,07/28/2024,AMAZON.COM #1417,Shopping,Sale,-152.89,
11/23/2024,11/23/2024,UBER #1418,Travel,Sale,-61.12,
08/02/2024,08/02/2024,WHOLE FOODS #1419,Groceries,Sale,-73.97,
12/02/2024,12/02/2024,SHELL OIL #1420,Gas,Sale,-94.36,
12/22/2024,12/22/2024,NETFLIX #1421,Entertainment,Sale,-153.91,
08/03/2024,08/03/2024,CVS PHARMACY #1422,Health,Sale,-192.12,
11/09/2024,11/09/2024,UDEMY #1423,Education,Sale,-18.32,
01/26/2024,01/26/2024,STARBUCKS #1424,Food & Drink,Sale,-151.64,
02/28/2024,02/28/2024,AMAZON.COM #1425,Shopping,Sale,-102.65,
10/16/2024,10/16/2024,UBER #1426,Travel,Sale,-98.62,
07/28/2024,07/28/2024,WHOLE FOODS #1427,Groceries,Sale,-66.92,
03/08/2024,03/08/2024,SHELL OIL #1428,Gas,Sale,-34.19,
03/08/2024,03/08/2024,NETFLIX #1429,Entertainment,Sale,-23.16,
12/07/2024,12/07/2024,CVS PHARMACY #1430,Health,Sale,-193.38,
03/18/2024,03/18/2024,UDEMY #1431,Education,Sale,-22.42,
02/21/2024,02/21/2024,STARBUCKS #1432,Food & Drink,Sale,-109.03,
03/18/2024,03/18/2024,AMAZON.COM #1433,Shopping,Sale,-134.35,
11/02/2024,11/02/2024,UBER #1434,Travel,Sale,-155.04,
06/07/2024,06/07/2024,WHOLE FOODS #1435,Groceries,Sale,-128.78,
03/23/2024,03/23/2024,SHELL OIL #1436,Gas,Sale,-174.01,
09/14/2024,09/14/2024,NETFLIX #1437,Entertainment,Sale,-63.34,
08/01/2024,08/01/2024,CVS PHARMACY #1438,Health,Sale,-182.34,
04/03/2024,04/03/2024,UDEMY #1439,Education,Sale,-10.17,
11/16/2024,11/16/2024,STARBUCKS #1440,Food & Drink,Sale,-55.61,
11/07/2024,11/07/2024,AMAZON.COM #1441,Shopping,Sale,-164.41,
10/05/2024,10/05/2024,UBER #1442,Travel,Sale,-197.26,
01/27/2024,01/27/2024,WHOLE FOODS #1443,Groceries,Sale,-2.02,
04/20/2024,04/20/2024,SHELL OIL #1444,Gas,Sale,-23.99,
07/07/2024,07/07/2024,NETFLIX #1445,Entertainment,Sale,-23.63,
05/10/2024,05/10/2024,CVS PHARMACY #1446,Health,Sale,-145.58,
07/27/2024,07/27/2024,UDEMY #1447,Education,Sale,-66.38,
01/02/2024,01/02/2024,STARBUCKS #1448,Food & Drink,Sale,-22.93,
09/02/2024,09/02/2024,AMAZON.COM #1449,Shopping,Sale,-169.94,
05/05/2024,05/05/2024,UBER #1450,Travel,Sale,-149.72,
03/15/2024,03/15/2024,WHOLE FOODS #1451,Groceries,Sale,-181.65,
05/11/2024,05/11/2024,SHELL OIL #1452,Gas,Sale,-91.20,
05/01/2024,05/01/2024,NETFLIX #1453,Entertainment,Sale,-132.41,
11/14/2024,11/14/2024,CVS PHARMACY #1454,Health,Sale,-138.26,
04/15/2024,04/15/2024,UDEMY #1455,Education,Sale,-55.20,
07/15/2024,07/15/2024,STARBUCKS #1456,Food & Drink,Sale,-163.50,
12/19/2024,12/19/2024,AMAZON.COM #1457,Shopping,Sale,-77.66,
01/20/2024,01/20/2024,UBER #1458,Travel,Sale,-36.99,
02/20/2024,02/20/2024,WHOLE FOODS #1459,Groceries,Sale,-55.63,
10/20/2024,10/20/2024,SHELL OIL #1460,Gas,Sale,-93.61,
10/05/2024,10/05/2024,NETFLIX #1461,Entertainment,Sale,-87.25,
02/14/2024,02/14/2024,CVS PHARMACY #1462,Health,Sale,-195.45,
06/27/2024,06/27/2024,UDEMY #1463,Education,Sale,-165.72,
05/24/2024,05/24/2024,STARBUCKS #1464,Food & Drink,Sale,-180.42,
10/23/2024,10/23/2024,AMAZON.COM #1465,Shopping,Sale,-55.19,
08/13/2024,08/13/2024,UBER #1466,Travel,Sale,-85.58,
04/27/2024,04/27/2024,WHOLE FOODS #1467,Groceries,Sale,-169.66,
09/18/2024,09/18/2024,SHELL OIL #1468,Gas,Sale,-169.32,
08/04/2024,08/04/2024,NETFLIX #1469,Entertainment,Sale,-15.03,
03/10/2024,03/10/2024,CVS PHARMACY #1470,Health,Sale,-38.19,
10/18/2024,10/18/2024,UDEMY #1471,Education,Sale,-23.18,
05/17/2024,05/17/2024,STARBUCKS #1472,Food & Drink,Sale,-113.01,
06/25/2024,06/25/2024,AMAZON.COM #1473,Shopping,Sale,-147.10,
05/14/2024,05/14/2024,UBER #1474,Travel,Sale,-128.25,
09/28/2024,09/28/2024,WHOLE FOODS #1475,Groceries,Sale,-156.58,
05/18/2024,05/18/2024,SHELL OIL #1476,Gas,Sale,-68.62,
11/18/2024,11/18/2024,NETFLIX #1477,Entertainment,Sale,-30.37,
12/23/2024,12/23/2024,CVS PHARMACY #1478,Health,Sale,-89.69,
06/09/2024,06/09/2024,UDEMY #1479,Education,Sale,-187.14,
12/05/2024,12/05/2024,STARBUCKS #1480,Food & Drink,Sale,-189.31,
06/08/2024,06/08/2024,AMAZON.COM #1481,Shopping,Sale,-8.69,
03/21/2024,03/21/2024,UBER #1482,Travel,Sale,-140.59,
01/22/2024,01/22/2024,WHOLE FOODS #1483,Groceries,Sale,-62.20,
12/09/2024,12/09/2024,SHELL OIL #1484,Gas,Sale,-122.63,
11/20/2024,11/20/2024,NETFLIX #1485,Entertainment,Sale,-4.13,
12/14/2024,12/14/2024,CVS PHARMACY #1486,Health,Sale,-199.90,
01/07/2024,01/07/2024,UDEMY #1487,Education,Sale,-3.78,
07/11/2024,07/11/2024,STARBUCKS #1488,Food & Drink,Sale,-196.88,
05/26/2024,05/26/2024,AMAZON.COM #1489,Shopping,Sale,-24.46,
03/23/2024,03/23/2024,UBER #1490,Travel,Sale,-4.86,
04/13/2024,04/13/2024,WHOLE FOODS #1491,Groceries,Sale,-53.41,
02/06/2024,02/06/2024,SHELL OIL #1492,Gas,Sale,-198.93,
10/23/2024,10/23/2024,NETFLIX #1493,Entertainment,Sale,-181.51,
06/10/2024,06/10/2024,CVS PHARMACY #1494,Health,Sale,-189.10,
05/10/2024,05/10/2024,UDEMY #1495,Education,Sale,-134.43,
12/01/2024,12/01/2024,STARBUCKS #1496,Food & Drink,Sale,-50.50,
07/16/2024,07/16/2024,AMAZON.COM #1497,Shopping,Sale,-106.50,
03/27/2024,03/27/2024,UBER #1498,Travel,Sale,-128.33,
02/21/2024,02/21/2024,WHOLE FOODS #1499,Groceries,Sale,-30.98,
11/02/2024,11/02/2024,SHELL OIL #1500,Gas,Sale,-56.32,
02/04/2024,02/04/2024,NETFLIX #1501,Entertainment,Sale,-1.26,
09/12/2024,09/12/2024,CVS PHARMACY #1502,Health,Sale,-117.75,
05/07/2024,05/07/2024,UDEMY #1503,Education,Sale,-121.08,
05/13/2024,05/13/2024,STARBUCKS #1504,Food & Drink,Sale,-67.05,
10/21/2024,10/21/2024,AMAZON.COM #1505,Shopping,Sale,-196.22,
02/18/2024,02/18/2024,UBER #1506,Travel,Sale,-134.86,
03/12/2024,03/12/2024,WHOLE FOODS #1507,Groceries,Sale,-30.49,
10/24/2024,10/24/2024,SHELL OIL #1508,Gas,Sale,-153.37,
12/11/2024,12/11/2024,NETFLIX #1509,Entertainment,Sale,-53.51,
12/11/2024,12/11/2024,CVS PHARMACY #1510,Health,Sale,-154.31,
06/25/2024,06/25/2024,UDEMY #1511,Education,Sale,-38.21,
11/07/2024,11/07/2024,STARBUCKS #1512,Food & Drink,Sale,-119.64,
08/16/2024,08/16/2024,AMAZON.COM #1513,Shopping,Sale,-33.89,
09/26/2024,09/26/2024,UBER #1514,Travel,Sale,-23.85,
03/27/2024,03/27/2024,WHOLE FOODS #1515,Groceries,Sale,-83.39,
11/12/2024,11/12/2024,SHELL OIL #1516,Gas,Sale,-163.80,
05/17/2024,05/17/2024,NETFLIX #1517,Entertainment,Sale,-144.27,
04/20/2024,04/20/2024,CVS PHARMACY #1518,Health,Sale,-8.71,
03/22/2024,03/22/2024,UDEMY #1519,Education,Sale,-143.95,
03/26/2024,03/26/2024,STARBUCKS #1520,Food & Drink,Sale,-116.61,
09/01/2024,09/01/2024,AMAZON.COM #1521,Shopping,Sale,-114.84,
07/18/2024,07/18/2024,UBER #1522,Travel,Sale,-140.10,
09/03/2024,09/03/2024,WHOLE FOODS #1523,Groceries,Sale,-50.78,
09/04/2024,09/04/2024,SHELL OIL #1524,Gas,Sale,-37.98,
04/25/2024,04/25/2024,NETFLIX #1525,Entertainment,Sale,-136.63,
05/20/2024,05/20/2024,CVS PHARMACY #1526,Health,Sale,-193.55,
04/05/2024,04/05/2024,UDEMY #1527,Education,Sale,-150.64,
01/19/2024,01/19/2024,STARBUCKS #1528,Food & Drink,Sale,-8.49,
05/06/2024,05/06/2024,AMAZON.COM #1529,Shopping,Sale,-56.79,
03/22/2024,03/22/2024,UBER #1530,Travel,Sale,-71.81,
08/13/2024,08/13/2024,WHOLE FOODS #1531,Groceries,Sale,-87.46,
11/08/2024,11/08/2024,SHELL OIL #1532,Gas,Sale,-115.49,
05/22/2024,05/22/2024,NETFLIX #1533,Entertainment,Sale,-42.43,
02/03/2024,02/03/2024,CVS PHARMACY #1534,Health,Sale,-101.86,
01/28/2024,01/28/2024,UDEMY #1535,Education,Sale,-38.29,
12/10/2024,12/10/2024,STARBUCKS #1536,Food & Drink,Sale,-96.64,
08/03/2024,08/03/2024,AMAZON.COM #1537,Shopping,Sale,-133.85,
08/07/2024,08/07/2024,UBER #1538,Travel,Sale,-112.63,
05/13/2024,05/13/2024,WHOLE FOODS #1539,Groceries,Sale,-54.07,
09/13/2024,09/13/2024,SHELL OIL #1540,Gas,Sale,-34.05,
09/03/2024,09/03/2024,NETFLIX #1541,Entertainment,Sale,-46.19,
03/01/2024,03/01/2024,CVS PHARMACY #1542,Health,Sale,-69.68,
01/11/2024,01/11/2024,UDEMY #1543,Education,Sale,-61.09,
05/13/2024,05/13/2024,STARBUCKS #1544,Food & Drink,Sale,-182.60,
04/02/2024,04/02/2024,AMAZON.COM #1545,Shopping,Sale,-113.81,
08/16/2024,08/16/2024,UBER #1546,Travel,Sale,-172.63,
10/07/2024,10/07/2024,WHOLE FOODS #1547,Groceries,Sale,-119.02,
03/17/2024,03/17/2024,SHELL OIL #1548,Gas,Sale,-148.62,
06/15/2024,06/15/2024,NETFLIX #1549,Entertainment,Sale,-197.42,
05/05/2024,05/05/2024,CVS PHARMACY #1550,Health,Sale,-91.48,
07/16/2024,07/16/2024,UDEMY #1551,Education,Sale,-107.04,
09/16/2024,09/16/2024,STARBUCKS #1552,Food & Drink,Sale,-72.89,
02/09/2024,02/09/2024,AMAZON.COM #1553,Shopping,Sale,-189.18,
09/04/2024,09/04/2024,UBER #1554,Travel,Sale,-30.00,
03/16/2024,03/16/2024,WHOLE FOODS #1555,Groceries,Sale,-37.13,
11/16/2024,11/16/2024,SHELL OIL #1556,Gas,Sale,-35.65,
10/10/2024,10/10/2024,NETFLIX #1557,Entertainment,Sale,-69.18,
11/17/2024,11/17/2024,CVS PHARMACY #1558,Health,Sale,-153.24,
07/20/2024,07/20/2024,UDEMY #1559,Education,Sale,-43.45,
05/07/2024,05/07/2024,STARBUCKS #1560,Food & Drink,Sale,-86.12,
12/07/2024,12/07/2024,AMAZON.COM #1561,Shopping,Sale,-189.73,
06/18/2024,06/18/2024,UBER #1562,Travel,Sale,-53.67,
10/06/2024,10/06/2024,WHOLE FOODS #1563,Groceries,Sale,-14.92,
09/21/2024,09/21/2024,SHELL OIL #1564,Gas,Sale,-162.41,
12/12/2024,12/12/2024,NETFLIX #1565,Entertainment,Sale,-147.06,
02/13/2024,02/13/2024,CVS PHARMACY #1566,Health,Sale,-57.53,
01/28/2024,01/28/2024,UDEMY #1567,Education,Sale,-20.52,
04/10/2024,04/10/2024,STARBUCKS #1568,Food & Drink,Sale,-132.48,
02/19/2024,02/19/2024,AMAZON.COM #1569,Shopping,Sale,-93.08,
05/04/2024,05/04/2024,UBER #1570,Travel,Sale,-9.81,
10/05/2024,10/05/2024,WHOLE FOODS #1571,Groceries,Sale,-185.08,
08/16/2024,08/16/2024,SHELL OIL #1572,Gas,Sale,-73.75,
06/01/2024,06/01/2024,NETFLIX #1573,Entertainment,Sale,-52.28,
05/10/2024,05/10/2024,CVS PHARMACY #1574,Health,Sale,-157.77,
12/08/2024,12/08/2024,UDEMY #1575,Education,Sale,-161.76,
03/06/2024,03/06/2024,STARBUCKS #1576,Food & Drink,Sale,-135.81,
05/05/2024,05/05/2024,AMAZON.COM #1577,Shopping,Sale,-94.15,
04/25/2024,04/25/2024,UBER #1578,Travel,Sale,-105.33,
01/26/2024,01/26/2024,WHOLE FOODS #1579,Groceries,Sale,-14.16,
02/01/2024,02/01/2024,SHELL OIL #1580,Gas,Sale,-192.33,
01/19/2024,01/19/2024,NETFLIX #1581,Entertainment,Sale,-174.71,
08/21/2024,08/21/2024,CVS PHARMACY #1582,Health,Sale,-114.17,
03/24/2024,03/24/2024,UDEMY #1583,Education,Sale,-127.25,
09/17/2024,09/17/2024,STARBUCKS #1584,Food & Drink,Sale,-61.48,
06/12/2024,06/12/2024,AMAZON.COM #1585,Shopping,Sale,-146.61,
11/02/2024,11/02/2024,UBER #1586,Travel,Sale,-130.99,
03/19/2024,03/19/2024,WHOLE FOODS #1587,Groceries,Sale,-125.03,
03/26/2024,03/26/2024,SHELL OIL #1588,Gas,Sale,-103.38,
10/24/2024,10/24/2024,NETFLIX #1589,Entertainment,Sale,-101.15,
08/11/2024,08/11/2024,CVS PHARMACY #1590,Health,Sale,-61.59,
05/08/2024,05/08/2024,UDEMY #1591,Education,Sale,-69.23,
08/01/2024,08/01/2024,STARBUCKS #1592,Food & Drink,Sale,-35.24,
03/04/2024,03/04/2024,AMAZON.COM #1593,Shopping,Sale,-196.77,
09/05/2024,09/05/2024,UBER #1594,Travel,Sale,-91.73,
08/13/2024,08/13/2024,WHOLE FOODS #1595,Groceries,Sale,-176.94,
07/01/2024,07/01/2024,SHELL OIL #1596,Gas,Sale,-104.85,
02/22/2024,02/22/2024,NETFLIX #1597,Entertainment,Sale,-14.61,
03/22/2024,03/22/2024,CVS PHARMACY #1598,Health,Sale,-112.29,
07/28/2024,07/28/2024,UDEMY #1599,Education,Sale,-125.04,
10/22/2024,10/22/2024,STARBUCKS #1600,Food & Drink,Sale,-149.49,
06/17/2024,06/17/2024,AMAZON.COM #1601,Shopping,Sale,-104.87,
08/21/2024,08/21/2024,UBER #1602,Travel,Sale,-156.84,
04/20/2024,04/20/2024,WHOLE FOODS #1603,Groceries,Sale,-17.83,
01/09/2024,01/09/2024,SHELL OIL #1604,Gas,Sale,-17.35,
10/15/2024,10/15/2024,NETFLIX #1605,Entertainment,Sale,-36.88,
12/25/2024,12/25/2024,CVS PHARMACY #1606,Health,Sale,-35.85,
02/08/2024,02/08/2024,UDEMY #1607,Education,Sale,-57.34,
03/20/2024,03/20/2024,STARBUCKS #1608,Food & Drink,Sale,-22.65,
09/07/2024,09/07/2024,AMAZON.COM #1609,Shopping,Sale,-98.79,
03/24/2024,03/24/2024,UBER #1610,Travel,Sale,-198.01,
02/23/2024,02/23/2024,WHOLE FOODS #1611,Groceries,Sale,-48.39,
12/17/2024,12/17/2024,SHELL OIL #1612,Gas,Sale,-145.32,
03/09/2024,03/09/2024,NETFLIX #1613,Entertainment,Sale,-128.20,
08/20/2024,08/20/2024,CVS PHARMACY #1614,Health,Sale,-122.98,
10/24/2024,10/24/2024,UDEMY #1615,Education,Sale,-3.47,
12/01/2024,12/01/2024,STARBUCKS #1616,Food & Drink,Sale,-71.57,
11/17/2024,11/17/2024,AMAZON.COM #1617,Shopping,Sale,-119.36,
11/16/2024,11/16/2024,UBER #1618,Travel,Sale,-45.91,
11/26/2024,11/26/2024,WHOLE FOODS #1619,Groceries,Sale,-11.71,
11/10/2024,11/10/2024,SHELL OIL #1620,Gas,Sale,-123.13,
03/26/2024,03/26/2024,NETFLIX #1621,Entertainment,Sale,-151.66,
04/25/2024,04/25/2024,CVS PHARMACY #1622,Health,Sale,-10.14,
11/07/2024,11/07/2024,UDEMY #1623,Education,Sale,-33.81,
07/26/2024,07/26/2024,STARBUCKS #1624,Food & Drink,Sale,-192.24,
02/25/2024,02/25/2024,AMAZON.COM #1625,Shopping,Sale,-13.17,
11/16/2024,11/16/2024,UBER #1626,Travel,Sale,-189.88,
05/10/2024,05/10/2024,WHOLE FOODS #1627,Groceries,Sale,-68.72,
08/18/2024,08/18/2024,SHELL OIL #1628,Gas,Sale,-3.67,
02/04/2024,02/04/2024,NETFLIX #1629,Entertainment,Sale,-173.27,
06/18/2024,06/18/2024,CVS PHARMACY #1630,Health,Sale,-7.36,
12/09/2024,12/09/2024,UDEMY #1631,Education,Sale,-4.66,
08/28/2024,08/28/2024,STARBUCKS #1632,Food & Drink,Sale,-191.36,
04/21/2024,04/21/2024,AMAZON.COM #1633,Shopping,Sale,-12.56,
03/28/2024,03/28/2024,UBER #1634,Travel,Sale,-198.15,
01/01/2024,01/01/2024,WHOLE FOODS #1635,Groceries,Sale,-37.64,
05/02/2024,05/02/2024,SHELL OIL #1636,Gas,Sale,-143.65,
03/12/2024,03/12/2024,NETFLIX #1637,Entertainment,Sale,-175.40,
08/18/2024,08/18/2024,CVS PHARMACY #1638,Health,Sale,-86.15,
01/15/2024,01/15/2024,UDEMY #1639,Education,Sale,-138.72,
02/28/2024,02/28/2024,STARBUCKS #1640,Food & Drink,Sale,-164.83,
08/13/2024,08/13/2024,AMAZON.COM #1641,Shopping,Sale,-138.76,
07/16/2024,07/16/2024,UBER #1642,Travel,Sale,-140.82,
07/28/2024,07/28/2024,WHOLE FOODS #1643,Groceries,Sale,-29.54,
09/14/2024,09/14/2024,SHELL OIL #1644,Gas,Sale,-163.45,
07/09/2024,07/09/2024,NETFLIX #1645,Entertainment,Sale,-101.95,
11/16/2024,11/16/2024,CVS PHARMACY #1646,Health,Sale,-111.30,
03/18/2024,03/18/2024,UDEMY #1647,Education,Sale,-17.77,
10/26/2024,10/26/2024,STARBUCKS #1648,Food & Drink,Sale,-139.72,
05/01/2024,05/01/2024,AMAZON.COM #1649,Shopping,Sale,-136.95,
10/11/2024,10/11/2024,UBER #1650,Travel,Sale,-80.48,
01/13/2024,01/13/2024,WHOLE FOODS #1651,Groceries,Sale,-141.67,
11/21/2024,11/21/2024,SHELL OIL #1652,Gas,Sale,-75.07,
12/06/2024,12/06/2024,NETFLIX #1653,Entertainment,Sale,-173.14,
09/22/2024,09/22/2024,CVS PHARMACY #1654,Health,Sale,-131.91,
02/12/2024,02/12/2024,UDEMY #1655,Education,Sale,-33.94,
05/04/2024,05/04/2024,STARBUCKS #1656,Food & Drink,Sale,-91.80,
04/01/2024,04/01/2024,AMAZON.COM #1657,Shopping,Sale,-185.27,
05/01/2024,05/01/2024,UBER #1658,Travel,Sale,-58.73,
10/14/2024,10/14/2024,WHOLE FOODS #1659,Groceries,Sale,-167.34,
02/23/2024,02/23/2024,SHELL OIL #1660,Gas,Sale,-197.18,
10/26/2024,10/26/2024,NETFLIX #1661,Entertainment,Sale,-36.61,
08/28/2024,08/28/2024,CVS PHARMACY #1662,Health,Sale,-51.60,
10/23/2024,10/23/2024,UDEMY #1663,Education,Sale,-7.61,
08/14/2024,08/14/2024,STARBUCKS #1664,Food & Drink,Sale,-199.51,
09/19/2024,09/19/2024,AMAZON.COM #1665,Shopping,Sale,-46.57,
09/15/2024,09/15/2024,UBER #1666,Travel,Sale,-136.09,
12/10/2024,12/10/2024,WHOLE FOODS #1667,Groceries,Sale,-76.31,
07/06/2024,07/06/2024,SHELL OIL #1668,Gas,Sale,-13.22,
11/22/2024,11/22/2024,NETFLIX #1669,Entertainment,Sale,-154.47,
06/18/2024,06/18/2024,CVS PHARMACY #1670,Health,Sale,-63.23,
06/13/2024,06/13/2024,UDEMY #1671,Education,Sale,-106.59,
02/18/2024,02/18/2024,STARBUCKS #1672,Food & Drink,Sale,-127.97,
12/27/2024,12/27/2024,AMAZON.COM #1673,Shopping,Sale,-46.12,
07/18/2024,07/18/2024,UBER #1674,Travel,Sale,-6.79,
08/10/2024,08/10/2024,WHOLE FOODS #1675,Groceries,Sale,-12.18,
12/25/2024,12/25/2024,SHELL OIL #1676,Gas,Sale,-183.28,
04/24/2024,04/24/2024,NETFLIX #1677,Entertainment,Sale,-38.03,
01/02/2024,01/02/2024,CVS PHARMACY #1678,Health,Sale,-97.04,
02/05/2024,02/05/2024,UDEMY #1679,Education,Sale,-46.82,
04/13/2024,04/13/2024,STARBUCKS #1680,Food & Drink,Sale,-117.18,
12/28/2024,12/28/2024,AMAZON.COM #1681,Shopping,Sale,-196.10,
04/19/2024,04/19/2024,UBER #1682,Travel,Sale,-14.41,
08/15/2024,08/15/2024,WHOLE FOODS #1683,Groceries,Sale,-123.75,
10/17/2024,10/17/2024,SHELL OIL #1684,Gas,Sale,-130.76,
10/09/2024,10/09/2024,NETFLIX #1685,Entertainment,Sale,-189.69,
08/02/2024,08/02/2024,CVS PHARMACY #1686,Health,Sale,-80.77,
11/01/2024,11/01/2024,UDEMY #1687,Education,Sale,-3.21,
12/07/2024,12/07/2024,STARBUCKS #1688,Food & Drink,Sale,-191.09,
02/02/2024,02/02/2024,AMAZON.COM #1689,Shopping,Sale,-62.84,
05/07/2024,05/07/2024,UBER #1690,Travel,Sale,-124.12,
08/04/2024,08/04/2024,WHOLE FOODS #1691,Groceries,Sale,-13.83,
02/04/2024,02/04/2024,SHELL OIL #1692,Gas,Sale,-118.05,
09/15/2024,09/15/2024,NETFLIX #1693,Entertainment,Sale,-9.74,
01/07/2024,01/07/2024,CVS PHARMACY #1694,Health,Sale,-4.64,
06/16/2024,06/16/2024,UDEMY #1695,Education,Sale,-151.30,
11/20/2024,11/20/2024,STARBUCKS #1696,Food & Drink,Sale,-28.22,
05/01/2024,05/01/2024,AMAZON.COM #1697,Shopping,Sale,-155.38,
01/22/2024,01/22/2024,UBER #1698,Travel,Sale,-69.21,
02/12/2024,02/12/2024,WHOLE FOODS #1699,Groceries,Sale,-154.89,
02/12/2024,02/12/2024,SHELL OIL #1700,Gas,Sale,-64.49,
06/14/2024,06/14/2024,NETFLIX #1701,Entertainment,Sale,-141.92,
03/26/2024,03/26/2024,CVS PHARMACY #1702,Health,Sale,-180.79,
01/03/2024,01/03/2024,UDEMY #1703,Education,Sale,-137.52,
04/04/2024,04/04/2024,STARBUCKS #1704,Food & Drink,Sale,-129.67,
07/20/2024,07/20/2024,AMAZON.COM #1705,Shopping,Sale,-97.89,
11/27/2024,11/27/2024,UBER #1706,Travel,Sale,-160.37,
12/28/2024,12/28/2024,WHOLE FOODS #1707,Groceries,Sale,-19.71,
02/05/2024,02/05/2024,SHELL OIL #1708,Gas,Sale,-180.02,
06/03/2024,06/03/2024,NETFLIX #1709,Entertainment,Sale,-89.70,
08/10/2024,08/10/2024,CVS PHARMACY #1710,Health,Sale,-103.85,
02/13/2024,02/13/2024,UDEMY #1711,Education,Sale,-160.18,
01/16/2024,01/16/2024,STARBUCKS #1712,Food & Drink,Sale,-128.32,
09/27/2024,09/27/2024,AMAZON.COM #1713,Shopping,Sale,-23.93,
07/02/2024,07/02/2024,UBER #1714,Travel,Sale,-125.04,
02/15/2024,02/15/2024,WHOLE FOODS #1715,Groceries,Sale,-159.35,
02/04/2024,02/04/2024,SHELL OIL #1716,Gas,Sale,-182.67,
07/14/2024,07/14/2024,NETFLIX #1717,Entertainment,Sale,-21.97,
07/14/2024,07/14/2024,CVS PHARMACY #1718,Health,Sale,-128.78,
02/10/2024,02/10/2024,UDEMY #1719,Education,Sale,-145.22,
04/03/2024,04/03/2024,STARBUCKS #1720,Food & Drink,Sale,-53.98,
03/10/2024,03/10/2024,AMAZON.COM #1721,Shopping,Sale,-51.32,
08/16/2024,08/16/2024,UBER #1722,Travel,Sale,-125.03,
04/26/2024,04/26/2024,WHOLE FOODS #1723,Groceries,Sale,-145.21,
09/15/2024,09/15/2024,SHELL OIL #1724,Gas,Sale,-108.42,
07/24/2024,07/24/2024,NETFLIX #1725,Entertainment,Sale,-68.64,
08/24/2024,08/24/2024,CVS PHARMACY #1726,Health,Sale,-15.03,
03/20/2024,03/20/2024,UDEMY #1727,Education,Sale,-162.27,
09/16/2024,09/16/2024,STARBUCKS #1728,Food & Drink,Sale,-151.38,
04/20/2024,04/20/2024,AMAZON.COM #1729,Shopping,Sale,-195.10,
05/13/2024,05/13/2024,UBER #1730,Travel,Sale,-23.29,
10/10/2024,10/10/2024,WHOLE FOODS #1731,Groceries,Sale,-154.21,
04/05/2024,04/05/2024,SHELL OIL #1732,Gas,Sale,-15.02,
11/02/2024,11/02/2024,NETFLIX #1733,Entertainment,Sale,-83.07,
09/03/2024,09/03/2024,CVS PHARMACY #1734,Health,Sale,-162.59,
01/03/2024,01/03/2024,UDEMY #1735,Education,Sale,-156.47,
12/22/2024,12/22/2024,STARBUCKS #1736,Food & Drink,Sale,-14.11,
12/08/2024,12/08/2024,AMAZON.COM #1737,Shopping,Sale,-67.71,
08/22/2024,08/22/2024,UBER #1738,Travel,Sale,-34.11,
02/16/2024,02/16/2024,WHOLE FOODS #1739,Groceries,Sale,-91.52,
01/19/2024,01/19/2024,SHELL OIL #1740,Gas,Sale,-121.60,
11/12/2024,11/12/2024,NETFLIX #1741,Entertainment,Sale,-170.22,
06/27/2024,06/27/2024,CVS PHARMACY #1742,Health,Sale,-60.80,
10/17/2024,10/17/2024,UDEMY #1743,Education,Sale,-109.75,
04/02/2024,04/02/2024,STARBUCKS #1744,Food & Drink,Sale,-185.31,
03/17/2024,03/17/2024,AMAZON.COM #1745,Shopping,Sale,-186.78,
03/08/2024,03/08/2024,UBER #1746,Travel,Sale,-134.07,
04/04/2024,04/04/2024,WHOLE FOODS #1747,Groceries,Sale,-8.14,
10/08/2024,10/08/2024,SHELL OIL #1748,Gas,Sale,-161.31,
10/12/2024,10/12/2024,NETFLIX #1749,Entertainment,Sale,-199.78,
10/01/2024,10/01/2024,CVS PHARMACY #1750,Health,Sale,-11.21,
04/08/2024,04/08/2024,UDEMY #1751,Education,Sale,-159.77,
08/16/2024,08/16/2024,STARBUCKS #1752,Food & Drink,Sale,-63.54,
09/05/2024,09/05/2024,AMAZON.COM #1753,Shopping,Sale,-189.30,
06/24/2024,06/24/2024,UBER #1754,Travel,Sale,-26.23,
12/25/2024,12/25/2024,WHOLE FOODS #1755,Groceries,Sale,-48.87,
12/27/2024,12/27/2024,SHELL OIL #1756,Gas,Sale,-90.08,
09/18/2024,09/18/2024,NETFLIX #1757,Entertainment,Sale,-19.11,
01/13/2024,01/13/2024,CVS PHARMACY #1758,Health,Sale,-82.69,
05/02/2024,05/02/2024,UDEMY #1759,Education,Sale,-26.05,
08/01/2024,08/01/2024,STARBUCKS #1760,Food & Drink,Sale,-148.77,
05/02/2024,05/02/2024,AMAZON.COM #1761,Shopping,Sale,-40.59,
11/24/2024,11/24/2024,UBER #1762,Travel,Sale,-42.49,
09/08/2024,09/08/2024,WHOLE FOODS #1763,Groceries,Sale,-27.70,
02/04/2024,02/04/2024,SHELL OIL #1764,Gas,Sale,-177.15,
12/06/2024,12/06/2024,NETFLIX #1765,Entertainment,Sale,-184.07,
03/09/2024,03/09/2024,CVS PHARMACY #1766,Health,Sale,-110.99,
12/12/2024,12/12/2024,UDEMY #1767,Education,Sale,-79.44,
04/02/2024,04/02/2024,STARBUCKS #1768,Food & Drink,Sale,-154.03,
12/25/2024,12/25/2024,AMAZON.COM #1769,Shopping,Sale,-111.15,
11/19/2024,11/19/2024,UBER #1770,Travel,Sale,-84.38,
02/22/2024,02/22/2024,WHOLE FOODS #1771,Groceries,Sale,-124.09,
12/03/2024,12/03/2024,SHELL OIL #1772,Gas,Sale,-82.21,
07/10/2024,07/10/2024,NETFLIX #1773,Entertainment,Sale,-122.77,
07/19/2024,07/19/2024,CVS PHARMACY #1774,Health,Sale,-164.53,
10/21/2024,10/21/2024,UDEMY #1775,Education,Sale,-37.83,
07/19/2024,07/19/2024,STARBUCKS #1776,Food & Drink,Sale,-113.67,
09/19/2024,09/19/2024,AMAZON.COM #1777,Shopping,Sale,-74.62,
09/12/2024,09/12/2024,UBER #1778,Travel,Sale,-166.86,
11/21/2024,11/21/2024,WHOLE FOODS #1779,Groceries,Sale,-66.38,
11/14/2024,11/14/2024,SHELL OIL #1780,Gas,Sale,-84.29,
03/27/2024,03/27/2024,NETFLIX #1781,Entertainment,Sale,-167.95,
01/17/2024,01/17/2024,CVS PHARMACY #1782,Health,Sale,-35.91,
01/08/2024,01/08/2024,UDEMY #1783,Education,Sale,-77.76,
09/12/2024,09/12/2024,STARBUCKS #1784,Food & Drink,Sale,-54.59,
02/12/2024,02/12/2024,AMAZON.COM #1785,Shopping,Sale,-30.69,
08/25/2024,08/25/2024,UBER #1786,Travel,Sale,-133.43,
10/06/2024,10/06/2024,WHOLE FOODS #1787,Groceries,Sale,-79.09,
03/14/2024,03/14/2024,SHELL OIL #1788,Gas,Sale,-42.37,
09/23/2024,09/23/2024,NETFLIX #1789,Entertainment,Sale,-71.71,
07/27/2024,07/27/2024,CVS PHARMACY #1790,Health,Sale,-35.12,
03/07/2024,03/07/2024,UDEMY #1791,Education,Sale,-141.48,
05/03/2024,05/03/2024,STARBUCKS #1792,Food & Drink,Sale,-80.77,
07/24/2024,07/24/2024,AMAZON.COM #1793,Shopping,Sale,-155.89,
10/21/2024,10/21/2024,UBER #1794,Travel,Sale,-110.09,
05/10/2024,05/10/2024,WHOLE FOODS #1795,Groceries,Sale,-105.64,
05/20/2024,05/20/2024,SHELL OIL #1796,Gas,Sale,-167.91,
11/05/2024,11/05/2024,NETFLIX #1797,Entertainment,Sale,-151.05,
11/14/2024,11/14/2024,CVS PHARMACY #1798,Health,Sale,-49.65,
03/08/2024,03/08/2024,UDEMY #1799,Education,Sale,-184.97,
10/12/2024,10/12/2024,STARBUCKS #1800,Food & Drink,Sale,-175.49,
10/21/2024,10/21/2024,AMAZON.COM #1801,Shopping,Sale,-127.41,
03/17/2024,03/17/2024,UBER #1802,Travel,Sale,-162.60,
03/08/2024,03/08/2024,WHOLE FOODS #1803,Groceries,Sale,-155.26,
11/26/2024,11/26/2024,SHELL OIL #1804,Gas,Sale,-4.68,
07/22/2024,07/22/2024,NETFLIX #1805,Entertainment,Sale,-3.24,
07/05/2024,07/05/2024,CVS PHARMACY #1806,Health,Sale,-200.98,
01/10/2024,01/10/2024,UDEMY #1807,Education,Sale,-45.31,
10/23/2024,10/23/2024,STARBUCKS #1808,Food & Drink,Sale,-44.34,
10/14/2024,10/14/2024,AMAZON.COM #1809,Shopping,Sale,-154.07,
06/10/2024,06/10/2024,UBER #1810,Travel,Sale,-70.37,
04/10/2024,04/10/2024,WHOLE FOODS #1811,Groceries,Sale,-106.81,
10/12/2024,10/12/2024,SHELL OIL #1812,Gas,Sale,-1.25,
01/15/2024,01/15/2024,NETFLIX #1813,Entertainment,Sale,-195.01,
12/03/2024,12/03/2024,CVS PHARMACY #1814,Health,Sale,-188.02,
04/25/2024,04/25/2024,UDEMY #1815,Education,Sale,-127.96,
07/13/2024,07/13/2024,STARBUCKS #1816,Food & Drink,Sale,-133.84,
05/02/2024,05/02/2024,AMAZON.COM #1817,Shopping,Sale,-42.01,
02/28/2024,02/28/2024,UBER #1818,Travel,Sale,-113.83,
08/01/2024,08/01/2024,WHOLE FOODS #1819,Groceries,Sale,-76.36,
08/12/2024,08/12/2024,SHELL OIL #1820,Gas,Sale,-108.80,
06/28/2024,06/28/2024,NETFLIX #1821,Entertainment,Sale,-85.59,
08/22/2024,08/22/2024,CVS PHARMACY #1822,Health,Sale,-79.62,
10/16/2024,10/16/2024,UDEMY #1823,Education,Sale,-106.35,
10/06/2024,10/06/2024,STARBUCKS #1824,Food & Drink,Sale,-161.98,
04/02/2024,04/02/2024,AMAZON.COM #1825,Shopping,Sale,-148.83,
08/11/2024,08/11/2024,UBER #1826,Travel,Sale,-169.19,
02/28/2024,02/28/2024,WHOLE FOODS #1827,Groceries,Sale,-156.84,
03/08/2024,03/08/2024,SHELL OIL #1828,Gas,Sale,-175.68,
06/14/2024,06/14/2024,NETFLIX #1829,Entertainment,Sale,-157.58,
01/04/2024,01/04/2024,CVS PHARMACY #1830,Health,Sale,-88.12,
11/23/2024,11/23/2024,UDEMY #1831,Education,Sale,-70.55,
06/10/2024,06/10/2024,STARBUCKS #1832,Food & Drink,Sale,-31.58,
12/22/2024,12/22/2024,AMAZON.COM #1833,Shopping,Sale,-95.91,
01/16/2024,01/16/2024,UBER #1834,Travel,Sale,-131.34,
01/07/2024,01/07/2024,WHOLE FOODS #1835,Groceries,Sale,-120.66,
03/15/2024,03/15/2024,SHELL OIL #1836,Gas,Sale,-196.60,
03/24/2024,03/24/2024,NETFLIX #1837,Entertainment,Sale,-63.41,
04/23/2024,04/23/2024,CVS PHARMACY #1838,Health,Sale,-29.54,
07/18/2024,07/18/2024,UDEMY #1839,Education,Sale,-52.07,
01/08/2024,01/08/2024,STARBUCKS #1840,Food & Drink,Sale,-185.38,
12/27/2024,12/27/2024,AMAZON.COM #1841,Shopping,Sale,-23.33,
10/27/2024,10/27/2024,UBER #1842,Travel,Sale,-187.40,
10/19/2024,10/19/2024,WHOLE FOODS #1843,Groceries,Sale,-46.29,
12/18/2024,12/18/2024,SHELL OIL #1844,Gas,Sale,-186.68,
12/11/2024,12/11/2024,NETFLIX #1845,Entertainment,Sale,-42.47,
06/12/2024,06/12/2024,CVS PHARMACY #1846,Health,Sale,-165.41,
10/28/2024,10/28/2024,UDEMY #1847,Education,Sale,-31.22,
05/08/2024,05/08/2024,STARBUCKS #1848,Food & Drink,Sale,-148.72,
12/09/2024,12/09/2024,AMAZON.COM #1849,Shopping,Sale,-112.56,
04/09/2024,04/09/2024,UBER #1850,Travel,Sale,-111.87,
03/22/2024,03/22/2024,WHOLE FOODS #1851,Groceries,Sale,-90.53,
09/24/2024,09/24/2024,SHELL OIL #1852,Gas,Sale,-143.00,
05/22/2024,05/22/2024,NETFLIX #1853,Entertainment,Sale,-70.92,
10/10/2024,10/10/2024,CVS PHARMACY #1854,Health,Sale,-87.40,
11/24/2024,11/24/2024,UDEMY #1855,Education,Sale,-86.85,
02/11/2024,02/11/2024,STARBUCKS #1856,Food & Drink,Sale,-132.12,
08/13/2024,08/13/2024,AMAZON.COM #1857,Shopping,Sale,-155.23,
07/18/2024,07/18/2024,UBER #1858,Travel,Sale,-65.94,
10/22/2024,10/22/2024,WHOLE FOODS #1859,Groceries,Sale,-200.13,
10/26/2024,10/26/2024,SHELL OIL #1860,Gas,Sale,-166.39,
07/20/2024,07/20/2024,NETFLIX #1861,Entertainment,Sale,-144.56,
10/15/2024,10/15/2024,CVS PHARMACY #1862,Health,Sale,-65.14,
02/22/2024,02/22/2024,UDEMY #1863,Education,Sale,-185.80,
10/08/2024,10/08/2024,STARBUCKS #1864,Food & Drink,Sale,-65.90,
12/16/2024,12/16/2024,AMAZON.COM #1865,Shopping,Sale,-36.01,
06/16/2024,06/16/2024,UBER #1866,Travel,Sale,-42.80,
10/28/2024,10/28/2024,WHOLE FOODS #1867,Groceries,Sale,-49.58,
12/13/2024,12/13/2024,SHELL OIL #1868,Gas,Sale,-117.93,
09/16/2024,09/16/2024,NETFLIX #1869,Entertainment,Sale,-165.36,
02/23/2024,02/23/2024,CVS PHARMACY #1870,Health,Sale,-28.09,
03/19/2024,03/19/2024,UDEMY #1871,Education,Sale,-22.91,
08/20/2024,08/20/2024,STARBUCKS #1872,Food & Drink,Sale,-68.40,
05/24/2024,05/24/2024,AMAZON.COM #1873,Shopping,Sale,-134.87,
04/03/2024,04/03/2024,UBER #1874,Travel,Sale,-182.86,
05/15/2024,05/15/2024,WHOLE FOODS #1875,Groceries,Sale,-91.84,
12/26/2024,12/26/2024,SHELL OIL #1876,Gas,Sale,-155.13,
10/01/2024,10/01/2024,NETFLIX #1877,Entertainment,Sale,-3.82,
09/02/2024,09/02/2024,CVS PHARMACY #1878,Health,Sale,-15.60,
10/11/2024,10/11/2024,UDEMY #1879,Education,Sale,-186.85,
10/17/2024,10/17/2024,STARBUCKS #1880,Food & Drink,Sale,-106.37,
04/27/2024,04/27/2024,AMAZON.COM #1881,Shopping,Sale,-198.39,
08/17/2024,08/17/2024,UBER #1882,Travel,Sale,-84.15,
09/10/2024,09/10/2024,WHOLE FOODS #1883,Groceries,Sale,-140.41,
07/03/2024,07/03/2024,SHELL OIL #1884,Gas,Sale,-42.49,
05/23/2024,05/23/2024,NETFLIX #1885,Entertainment,Sale,-163.16,
10/11/2024,10/11/2024,CVS PHARMACY #1886,Health,Sale,-162.59,
11/28/2024,11/28/2024,UDEMY #1887,Education,Sale,-140.52,
02/27/2024,02/27/2024,STARBUCKS #1888,Food & Drink,Sale,-161.65,
06/22/2024,06/22/2024,AMAZON.COM #1889,Shopping,Sale,-23.23,
11/18/2024,11/18/2024,UBER #1890,Travel,Sale,-40.00,
01/14/2024,01/14/2024,WHOLE FOODS #1891,Groceries,Sale,-24.53,
04/06/2024,04/06/2024,SHELL OIL #1892,Gas,Sale,-112.30,
06/18/2024,06/18/2024,NETFLIX #1893,Entertainment,Sale,-39.60,
02/26/2024,02/26/2024,CVS PHARMACY #1894,Health,Sale,-116.29,
10/10/2024,10/10/2024,UDEMY #1895,Education,Sale,-28.47,
09/18/2024,09/18/2024,STARBUCKS #1896,Food & Drink,Sale,-175.11,
08/12/2024,08/12/2024,AMAZON.COM #1897,Shopping,Sale,-196.45,
10/13/2024,10/13/2024,UBER #1898,Travel,Sale,-25.80,
10/28/2024,10/28/2024,WHOLE FOODS #1899,Groceries,Sale,-37.45,
03/25/2024,03/25/2024,SHELL OIL #1900,Gas,Sale,-89.24,
07/08/2024,07/08/2024,NETFLIX #1901,Entertainment,Sale,-192.08,
04/23/2024,04/23/2024,CVS PHARMACY #1902,Health,Sale,-101.76,
09/06/2024,09/06/2024,UDEMY #1903,Education,Sale,-69.20,
08/16/2024,08/16/2024,STARBUCKS #1904,Food & Drink,Sale,-142.09,
10/28/2024,10/28/2024,AMAZON.COM #1905,Shopping,Sale,-4.11,
08/21/2024,08/21/2024,UBER #1906,Travel,Sale,-163.49,
09/16/2024,09/16/2024,WHOLE FOODS #1907,Groceries,Sale,-106.95,
02/01/2024,02/01/2024,SHELL OIL #1908,Gas,Sale,-40.08,
09/06/2024,09/06/2024,NETFLIX #1909,Entertainment,Sale,-86.58,
07/20/2024,07/20/2024,CVS PHARMACY #1910,Health,Sale,-20.82,
08/12/2024,08/12/2024,UDEMY #1911,Education,Sale,-64.45,
03/06/2024,03/06/2024,STARBUCKS #1912,Food & Drink,Sale,-33.43,
10/02/2024,10/02/2024,AMAZON.COM #1913,Shopping,Sale,-40.50,
07/22/2024,07/22/2024,UBER #1914,Travel,Sale,-35.17,
10/05/2024,10/05/2024,WHOLE FOODS #1915,Groceries,Sale,-57.58,
03/24/2024,03/24/2024,SHELL OIL #1916,Gas,Sale,-9.50,
12/04/2024,12/04/2024,NETFLIX #1917,Entertainment,Sale,-58.78,
02/19/2024,02/19/2024,CVS PHARMACY #1918,Health,Sale,-187.18,
03/25/2024,03/25/2024,UDEMY #1919,Education,Sale,-103.63,
03/05/2024,03/05/2024,STARBUCKS #1920,Food & Drink,Sale,-87.73,
01/11/2024,01/11/2024,AMAZON.COM #1921,Shopping,Sale,-36.81,
04/09/2024,04/09/2024,UBER #1922,Travel,Sale,-169.77,
09/09/2024,09/09/2024,WHOLE FOODS #1923,Groceries,Sale,-32.88,
03/13/2024,03/13/2024,SHELL OIL #1924,Gas,Sale,-12.00,
02/21/2024,02/21/2024,NETFLIX #1925,Entertainment,Sale,-115.44,
04/05/2024,04/05/2024,CVS PHARMACY #1926,Health,Sale,-49.82,
01/04/2024,01/04/2024,UDEMY #1927,Education,Sale,-2.44,
11/01/2024,11/01/2024,STARBUCKS #1928,Food & Drink,Sale,-79.64,
08/26/2024,08/26/2024,AMAZON.COM #1929,Shopping,Sale,-82.51,
02/20/2024,02/20/2024,UBER #1930,Travel,Sale,-140.11,
11/06/2024,11/06/2024,WHOLE FOODS #1931,Groceries,Sale,-112.45,
09/02/2024,09/02/2024,SHELL OIL #1932,Gas,Sale,-26.70,
07/11/2024,07/11/2024,NETFLIX #1933,Entertainment,Sale,-126.00,
09/05/2024,09/05/2024,CVS PHARMACY #1934,Health,Sale,-46.50,
12/07/2024,12/07/2024,UDEMY #1935,Education,Sale,-41.15,
07/12/2024,07/12/2024,STARBUCKS #1936,Food & Drink,Sale,-178.96,
04/12/2024,04/12/2024,AMAZON.COM #1937,Shopping,Sale,-1.87,
01/03/2024,01/03/2024,UBER #1938,Travel,Sale,-157.24,
09/09/2024,09/09/2024,WHOLE FOODS #1939,Groceries,Sale,-123.50,
09/24/2024,09/24/2024,SHELL OIL #1940,Gas,Sale,-113.25,
02/24/2024,02/24/2024,NETFLIX #1941,Entertainment,Sale,-7.62,
01/12/2024,01/12/2024,CVS PHARMACY #1942,Health,Sale,-60.36,
02/28/2024,02/28/2024,UDEMY #1943,Education,Sale,-44.87,
06/12/2024,06/12/2024,STARBUCKS #1944,Food & Drink,Sale,-186.60,
08/17/2024,08/17/2024,AMAZON.COM #1945,Shopping,Sale,-77.72,
01/18/2024,01/18/2024,UBER #1946,Travel,Sale,-190.27,
04/18/2024,04/18/2024,WHOLE FOODS #1947,Groceries,Sale,-84.95,
11/06/2024,11/06/2024,SHELL OIL #1948,Gas,Sale,-190.70,
09/17/2024,09/17/2024,NETFLIX #1949,Entertainment,Sale,-120.50,
11/15/2024,11/15/2024,CVS PHARMACY #1950,Health,Sale,-188.34,
04/23/2024,04/23/2024,UDEMY #1951,Education,Sale,-57.94,
11/02/2024,11/02/2024,STARBUCKS #1952,Food & Drink,Sale,-85.30,
07/05/2024,07/05/2024,AMAZON.COM #1953,Shopping,Sale,-13.48,
07/13/2024,07/13/2024,UBER #1954,Travel,Sale,-106.39,
10/05/2024,10/05/2024,WHOLE FOODS #1955,Groceries,Sale,-110.80,
08/04/2024,08/04/2024,SHELL OIL #1956,Gas,Sale,-118.00,
08/10/2024,08/10/2024,NETFLIX #1957,Entertainment,Sale,-114.24,
12/19/2024,12/19/2024,CVS PHARMACY #1958,Health,Sale,-70.37,
12/27/2024,12/27/2024,UDEMY #1959,Education,Sale,-12.39,
07/14/2024,07/14/2024,STARBUCKS #1960,Food & Drink,Sale,-175.71,
07/19/2024,07/19/2024,AMAZON.COM #1961,Shopping,Sale,-160.91,
01/06/2024,01/06/2024,UBER #1962,Travel,Sale,-163.02,
07/01/2024,07/01/2024,WHOLE FOODS #1963,Groceries,Sale,-192.55,
04/11/2024,04/11/2024,SHELL OIL #1964,Gas,Sale,-140.44,
08/06/2024,08/06/2024,NETFLIX #1965,Entertainment,Sale,-90.36,
07/19/2024,07/19/2024,CVS PHARMACY #1966,Health,Sale,-99.10,
12/22/2024,12/22/2024,UDEMY #1967,Education,Sale,-7.18,
08/08/2024,08/08/2024,STARBUCKS #1968,Food & Drink,Sale,-159.01,
03/06/2024,03/06/2024,AMAZON.COM #1969,Shopping,Sale,-146.34,
08/02/2024,08/02/2024,UBER #1970,Travel,Sale,-169.99,
08/22/2024,08/22/2024,WHOLE FOODS #1971,Groceries,Sale,-130.85,
11/12/2024,11/12/2024,SHELL OIL #1972,Gas,Sale,-139.24,
10/01/2024,10/01/2024,NETFLIX #1973,Entertainment,Sale,-9.74,
02/11/2024,02/11/2024,CVS PHARMACY #1974,Health,Sale,-26.34,
07/04/2024,07/04/2024,UDEMY #1975,Education,Sale,-121.52,
12/05/2024,12/05/2024,STARBUCKS #1976,Food & Drink,Sale,-166.44,
09/08/2024,09/08/2024,AMAZON.COM #1977,Shopping,Sale,-16.22,
02/09/2024,02/09/2024,UBER #1978,Travel,Sale,-167.12,
10/03/2024,10/03/2024,WHOLE FOODS #1979,Groceries,Sale,-96.44,
03/26/2024,03/26/2024,SHELL OIL #1980,Gas,Sale,-9.78,
12/12/2024,12/12/2024,NETFLIX #1981,Entertainment,Sale,-77.83,
02/26/2024,02/26/2024,CVS PHARMACY #1982,Health,Sale,-27.17,
10/03/2024,10/03/2024,UDEMY #1983,Education,Sale,-50.94,
03/17/2024,03/17/2024,STARBUCKS #1984,Food & Drink,Sale,-27.68,
07/02/2024,07/02/2024,AMAZON.COM #1985,Shopping,Sale,-6.71,
12/14/2024,12/14/2024,UBER #1986,Travel,Sale,-118.72,
05/28/2024,05/28/2024,WHOLE FOODS #1987,Groceries,Sale,-78.12,
03/24/2024,03/24/2024,SHELL OIL #1988,Gas,Sale,-113.95,
03/06/2024,03/06/2024,NETFLIX #1989,Entertainment,Sale,-113.26,
05/21/2024,05/21/2024,CVS PHARMACY #1990,Health,Sale,-183.44,
11/26/2024,11/26/2024,UDEMY #1991,Education,Sale,-198.79,
08/27/2024,08/27/2024,STARBUCKS #1992,Food & Drink,Sale,-19.55,
02/28/2024,02/28/2024,AMAZON.COM #1993,Shopping,Sale,-145.20,
07/11/2024,07/11/2024,UBER #1994,Travel,Sale,-21.58,
11/20/2024,11/20/2024,WHOLE FOODS #1995,Groceries,Sale,-190.26,
10/21/2024,10/21/2024,SHELL OIL #1996,Gas,Sale,-154.46,
07/18/2024,07/18/2024,NETFLIX #1997,Entertainment,Sale,-11.42,
09/11/2024,09/11/2024,CVS PHARMACY #1998,Health,Sale,-28.27,
03/02/2024,03/02/2024,UDEMY #1999,Education,Sale,-28.73,
03/27/2024,03/27/2024,STARBUCKS #2000,Food & Drink,Sale,-153.23,
02/12/2024,02/12/2024,AMAZON.COM #2001,Shopping,Sale,-66.09,
02/21/2024,02/21/2024,UBER #2002,Travel,Sale,-108.92,
01/18/2024,01/18/2024,WHOLE FOODS #2003,Groceries,Sale,-91.49,
12/23/2024,12/23/2024,SHELL OIL #2004,Gas,Sale,-154.17,
01/25/2024,01/25/2024,NETFLIX #2005,Entertainment,Sale,-121.75,
08/17/2024,08/17/2024,CVS PHARMACY #2006,Health,Sale,-51.78,
10/15/2024,10/15/2024,UDEMY #2007,Education,Sale,-195.66,
03/21/2024,03/21/2024,STARBUCKS #2008,Food & Drink,Sale,-119.59,
11/06/2024,11/06/2024,AMAZON.COM #2009,Shopping,Sale,-52.52,
05/18/2024,05/18/2024,UBER #2010,Travel,Sale,-86.71,
03/19/2024,03/19/2024,WHOLE FOODS #2011,Groceries,Sale,-76.83,
02/25/2024,02/25/2024,SHELL OIL #2012,Gas,Sale,-47.63,
09/13/2024,09/13/2024,NETFLIX #2013,Entertainment,Sale,-50.12,
11/07/2024,11/07/2024,CVS PHARMACY #2014,Health,Sale,-194.80,
08/06/2024,08/06/2024,UDEMY #2015,Education,Sale,-88.12,
01/04/2024,01/04/2024,STARBUCKS #2016,Food & Drink,Sale,-101.80,
01/16/2024,01/16/2024,AMAZON.COM #2017,Shopping,Sale,-57.12,
04/08/2024,04/08/2024,UBER #2018,Travel,Sale,-75.70,
10/13/2024,10/13/2024,WHOLE FOODS #2019,Groceries,Sale,-133.34,
05/03/2024,05/03/2024,SHELL OIL #2020,Gas,Sale,-156.33,
02/10/2024,02/10/2024,NETFLIX #2021,Entertainment,Sale,-58.19,
07/24/2024,07/24/2024,CVS PHARMACY #2022,Health,Sale,-103.53,
01/13/2024,01/13/2024,UDEMY #2023,Education,Sale,-171.51,
06/03/2024,06/03/2024,STARBUCKS #2024,Food & Drink,Sale,-69.05,
06/14/2024,06/14/2024,AMAZON.COM #2025,Shopping,Sale,-77.10,
09/04/2024,09/04/2024,UBER #2026,Travel,Sale,-164.31,
12/10/2024,12/10/2024,WHOLE FOODS #2027,Groceries,Sale,-84.49,
04/07/2024,04/07/2024,SHELL OIL #2028,Gas,Sale,-37.33,
01/21/2024,01/21/2024,NETFLIX #2029,Entertainment,Sale,-103.33,
06/11/2024,06/11/2024,CVS PHARMACY #2030,Health,Sale,-142.65,
11/16/2024,11/16/2024,UDEMY #2031,Education,Sale,-72.81,
06/04/2024,06/04/2024,STARBUCKS #2032,Food & Drink,Sale,-51.09,
09/14/2024,09/14/2024,AMAZON.COM #2033,Shopping,Sale,-1.25,
12/11/2024,12/11/2024,UBER #2034,Travel,Sale,-86.12,
12/11/2024,12/11/2024,WHOLE FOODS #2035,Groceries,Sale,-60.45,
09/12/2024,09/12/2024,SHELL OIL #2036,Gas,Sale,-118.20,
05/16/2024,05/16/2024,NETFLIX #2037,Entertainment,Sale,-186.13,
05/10/2024,05/10/2024,CVS PHARMACY #2038,Health,Sale,-133.49,
11/07/2024,11/07/2024,UDEMY #2039,Education,Sale,-70.77,
06/17/2024,06/17/2024,STARBUCKS #2040,Food & Drink,Sale,-199.00,
01/26/2024,01/26/2024,AMAZON.COM #2041,Shopping,Sale,-180.27,
07/18/2024,07/18/2024,UBER #2042,Travel,Sale,-186.17,
07/24/2024,07/24/2024,WHOLE FOODS #2043,Groceries,Sale,-124.43,
08/09/2024,08/09/2024,SHELL OIL #2044,Gas,Sale,-185.98,
06/03/2024,06/03/2024,NETFLIX #2045,Entertainment,Sale,-151.39,
09/27/2024,09/27/2024,CVS PHARMACY #2046,Health,Sale,-59.95,
08/22/2024,08/22/2024,UDEMY #2047,Education,Sale,-115.95,
06/21/2024,06/21/2024,STARBUCKS #2048,Food & Drink,Sale,-159.90,
10/05/2024,10/05/2024,AMAZON.COM #2049,Shopping,Sale,-19.95,
08/28/2024,08/28/2024,UBER #2050,Travel,Sale,-137.18,
02/26/2024,02/26/2024,WHOLE FOODS #2051,Groceries,Sale,-23.77,
01/14/2024,01/14/2024,SHELL OIL #2052,Gas,Sale,-186.35,
11/24/2024,11/24/2024,NETFLIX #2053,Entertainment,Sale,-135.45,
05/06/2024,05/06/2024,CVS PHARMACY #2054,Health,Sale,-176.85,
01/20/2024,01/20/2024,UDEMY #2055,Education,Sale,-126.44,
11/22/2024,11/22/2024,STARBUCKS #2056,Food & Drink,Sale,-149.81,
06/25/2024,06/25/2024,AMAZON.COM #2057,Shopping,Sale,-139.14,
08/24/2024,08/24/2024,UBER #2058,Travel,Sale,-67.70,
03/20/2024,03/20/2024,WHOLE FOODS #2059,Groceries,Sale,-58.12,
06/10/2024,06/10/2024,SHELL OIL #2060,Gas,Sale,-147.67,
11/08/2024,11/08/2024,NETFLIX #2061,Entertainment,Sale,-86.78,
02/10/2024,02/10/2024,CVS PHARMACY #2062,Health,Sale,-32.65,
07/05/2024,07/05/2024,UDEMY #2063,Education,Sale,-163.15,
09/08/2024,09/08/2024,STARBUCKS #2064,Food & Drink,Sale,-62.20,
08/18/2024,08/18/2024,AMAZON.COM #2065,Shopping,Sale,-165.14,
06/10/2024,06/10/2024,UBER #2066,Travel,Sale,-96.17,
09/18/2024,09/18/2024,WHOLE FOODS #2067,Groceries,Sale,-146.06,
02/17/2024,02/17/2024,SHELL OIL #2068,Gas,Sale,-13.16,
02/19/2024,02/19/2024,NETFLIX #2069,Entertainment,Sale,-194.80,
09/27/2024,09/27/2024,CVS PHARMACY #2070,Health,Sale,-82.13,
09/01/2024,09/01/2024,UDEMY #2071,Education,Sale,-171.50,
06/09/2024,06/09/2024,STARBUCKS #2072,Food & Drink,Sale,-147.75,
10/17/2024,10/17/2024,AMAZON.COM #2073,Shopping,Sale,-71.07,
09/12/2024,09/12/2024,UBER #2074,Travel,Sale,-130.09,
07/10/2024,07/10/2024,WHOLE FOODS #2075,Groceries,Sale,-66.87,
06/23/2024,06/23/2024,SHELL OIL #2076,Gas,Sale,-151.05,
09/24/2024,09/24/2024,NETFLIX #2077,Entertainment,Sale,-4.89,
06/28/2024,06/28/2024,CVS PHARMACY #2078,Health,Sale,-167.44,
06/21/2024,06/21/2024,UDEMY #2079,Education,Sale,-141.69,
05/10/2024,05/10/2024,STARBUCKS #2080,Food & Drink,Sale,-45.23,
05/15/2024,05/15/2024,AMAZON.COM #2081,Shopping,Sale,-182.11,
09/18/2024,09/18/2024,UBER #2082,Travel,Sale,-58.63,
02/02/2024,02/02/2024,WHOLE FOODS #2083,Groceries,Sale,-118.62,
04/12/2024,04/12/2024,SHELL OIL #2084,Gas,Sale,-78.83,
07/16/2024,07/16/2024,NETFLIX #2085,Entertainment,Sale,-185.39,
06/15/2024,06/15/2024,CVS PHARMACY #2086,Health,Sale,-93.62,
10/26/2024,10/26/2024,UDEMY #2087,Education,Sale,-182.37,
02/06/2024,02/06/2024,STARBUCKS #2088,Food & Drink,Sale,-57.69,
06/19/2024,06/19/2024,AMAZON.COM #2089,Shopping,Sale,-54.14,
11/08/2024,11/08/2024,UBER #2090,Travel,Sale,-66.42,
04/26/2024,04/26/2024,WHOLE FOODS #2091,Groceries,Sale,-186.02,
04/25/2024,04/25/2024,SHELL OIL #2092,Gas,Sale,-170.95,
02/15/2024,02/15/2024,NETFLIX #2093,Entertainment,Sale,-185.23,
12/09/2024,12/09/2024,CVS PHARMACY #2094,Health,Sale,-170.67,
11/16/2024,11/16/2024,UDEMY #2095,Education,Sale,-118.69,
05/17/2024,05/17/2024,STARBUCKS #2096,Food & Drink,Sale,-26.49,
06/18/2024,06/18/2024,AMAZON.COM #2097,Shopping,Sale,-104.42,
04/02/2024,04/02/2024,UBER #2098,Travel,Sale,-135.89,
07/08/2024,07/08/2024,WHOLE FOODS #2099,Groceries,Sale,-193.39,
06/14/2024,06/14/2024,SHELL OIL #2100,Gas,Sale,-100.04,
03/27/2024,03/27/2024,NETFLIX #2101,Entertainment,Sale,-187.69,
04/26/2024,04/26/2024,CVS PHARMACY #2102,Health,Sale,-87.50,
12/07/2024,12/07/2024,UDEMY #2103,Education,Sale,-27.78,
02/05/2024,02/05/2024,STARBUCKS #2104,Food & Drink,Sale,-42.69,
10/27/2024,10/27/2024,AMAZON.COM #2105,Shopping,Sale,-124.34,
02/13/2024,02/13/2024,UBER #2106,Travel,Sale,-52.21,
11/11/2024,11/11/2024,WHOLE FOODS #2107,Groceries,Sale,-90.67,
05/07/2024,05/07/2024,SHELL OIL #2108,Gas,Sale,-199.56,
05/07/2024,05/07/2024,NETFLIX #2109,Entertainment,Sale,-183.36,
06/28/2024,06/28/2024,CVS PHARMACY #2110,Health,Sale,-38.70,
11/19/2024,11/19/2024,UDEMY #2111,Education,Sale,-93.86,
12/14/2024,12/14/2024,STARBUCKS #2112,Food & Drink,Sale,-181.13,
10/10/2024,10/10/2024,AMAZON.COM #2113,Shopping,Sale,-132.88,
12/18/2024,12/18/2024,UBER #2114,Travel,Sale,-48.68,
05/13/2024,05/13/2024,WHOLE FOODS #2115,Groceries,Sale,-98.63,
09/19/2024,09/19/2024,SHELL OIL #2116,Gas,Sale,-35.99,
03/26/2024,03/26/2024,NETFLIX #2117,Entertainment,Sale,-12.65,
01/17/2024,01/17/2024,CVS PHARMACY #2118,Health,Sale,-9.11,
03/01/2024,03/01/2024,UDEMY #2119,Education,Sale,-165.95,
06/19/2024,06/19/2024,STARBUCKS #2120,Food & Drink,Sale,-139.26,
10/03/2024,10/03/2024,AMAZON.COM #2121,Shopping,Sale,-178.98,
12/16/2024,12/16/2024,UBER #2122,Travel,Sale,-190.71,
06/26/2024,06/26/2024,WHOLE FOODS #2123,Groceries,Sale,-72.45,
11/05/2024,11/05/2024,SHELL OIL #2124,Gas,Sale,-179.09,
11/24/2024,11/24/2024,NETFLIX #2125,Entertainment,Sale,-2.48,
07/24/2024,07/24/2024,CVS PHARMACY #2126,Health,Sale,-134.64,
10/22/2024,10/22/2024,UDEMY #2127,Education,Sale,-73.94,
06/26/2024,06/26/2024,STARBUCKS #2128,Food & Drink,Sale,-53.27,
05/28/2024,05/28/2024,AMAZON.COM #2129,Shopping,Sale,-131.99,
01/12/2024,01/12/2024,UBER #2130,Travel,Sale,-164.80,
08/16/2024,08/16/2024,WHOLE FOODS #2131,Groceries,Sale,-134.54,
07/21/2024,07/21/2024,SHELL OIL #2132,Gas,Sale,-113.92,
05/19/2024,05/19/2024,NETFLIX #2133,Entertainment,Sale,-53.50,
04/04/2024,04/04/2024,CVS PHARMACY #2134,Health,Sale,-101.56,
08/10/2024,08/10/2024,UDEMY #2135,Education,Sale,-49.57,
05/20/2024,05/20/2024,STARBUCKS #2136,Food & Drink,Sale,-130.44,
12/23/2024,12/23/2024,AMAZON.COM #2137,Shopping,Sale,-93.48,
04/20/2024,04/20/2024,UBER #2138,Travel,Sale,-4.24,
09/23/2024,09/23/2024,WHOLE FOODS #2139,Groceries,Sale,-109.52,
08/22/2024,08/22/2024,SHELL OIL #2140,Gas,Sale,-175.77,
03/06/2024,03/06/2024,NETFLIX #2141,Entertainment,Sale,-183.21,
12/12/2024,12/12/2024,CVS PHARMACY #2142,Health,Sale,-143.82,
03/15/2024,03/15/2024,UDEMY #2143,Education,Sale,-159.40,
10/14/2024,10/14/2024,STARBUCKS #2144,Food & Drink,Sale,-78.07,
07/14/2024,07/14/2024,AMAZON.COM #2145,Shopping,Sale,-153.92,
08/09/2024,08/09/2024,UBER #2146,Travel,Sale,-98.00,
04/10/2024,04/10/2024,WHOLE FOODS #2147,Groceries,Sale,-133.23,
06/15/2024,06/15/2024,SHELL OIL #2148,Gas,Sale,-15.55,
05/16/2024,05/16/2024,NETFLIX #2149,Entertainment,Sale,-137.54,
07/22/2024,07/22/2024,CVS PHARMACY #2150,Health,Sale,-98.51,
03/12/2024,03/12/2024,UDEMY #2151,Education,Sale,-132.71,
01/25/2024,01/25/2024,STARBUCKS #2152,Food & Drink,Sale,-60.39,
11/15/2024,11/15/2024,AMAZON.COM #2153,Shopping,Sale,-33.82,
02/21/2024,02/21/2024,UBER #2154,Travel,Sale,-164.29,
07/03/2024,07/03/2024,WHOLE FOODS #2155,Groceries,Sale,-88.57,
07/12/2024,07/12/2024,SHELL OIL #2156,Gas,Sale,-102.91,
10/08/2024,10/08/2024,NETFLIX #2157,Entertainment,Sale,-42.35,
12/05/2024,12/05/2024,CVS PHARMACY #2158,Health,Sale,-69.57,
12/10/2024,12/10/2024,UDEMY #2159,Education,Sale,-104.57,
12/23/2024,12/23/2024,STARBUCKS #2160,Food & Drink,Sale,-21.49,
03/14/2024,03/14/2024,AMAZON.COM #2161,Shopping,Sale,-11.76,
06/24/2024,06/24/2024,UBER #2162,Travel,Sale,-137.84,
11/22/2024,11/22/2024,WHOLE FOODS #2163,Groceries,Sale,-82.61,
12/07/2024,12/07/2024,SHELL OIL #2164,Gas,Sale,-152.91,
11/26/2024,11/26/2024,NETFLIX #2165,Entertainment,Sale,-137.41,
11/10/2024,11/10/2024,CVS PHARMACY #2166,Health,Sale,-82.50,
03/06/2024,03/06/2024,UDEMY #2167,Education,Sale,-187.43,
01/21/2024,01/21/2024,STARBUCKS #2168,Food & Drink,Sale,-196.29,
08/14/2024,08/14/2024,AMAZON.COM #2169,Shopping,Sale,-16.10,
09/10/2024,09/10/2024,UBER #2170,Travel,Sale,-97.74,
06/22/2024,06/22/2024,WHOLE FOODS #2171,Groceries,Sale,-78.02,
11/13/2024,11/13/2024,SHELL OIL #2172,Gas,Sale,-9.66,
06/18/2024,06/18/2024,NETFLIX #2173,Entertainment,Sale,-108.33,
11/26/2024,11/26/2024,CVS PHARMACY #2174,Health,Sale,-170.43,
07/20/2024,07/20/2024,UDEMY #2175,Education,Sale,-144.28,
09/14/2024,09/14/2024,STARBUCKS #2176,Food & Drink,Sale,-52.28,
08/21/2024,08/21/2024,AMAZON.COM #2177,Shopping,Sale,-61.44,
08/18/2024,08/18/2024,UBER #2178,Travel,Sale,-75.01,
02/25/2024,02/25/2024,WHOLE FOODS #2179,Groceries,Sale,-68.54,
08/04/2024,08/04/2024,SHELL OIL #2180,Gas,Sale,-20.52,
10/20/2024,10/20/2024,NETFLIX #2181,Entertainment,Sale,-184.07,
09/12/2024,09/12/2024,CVS PHARMACY #2182,Health,Sale,-166.45,
08/19/2024,08/19/2024,UDEMY #2183,Education,Sale,-38.53,
02/06/2024,02/06/2024,STARBUCKS #2184,Food & Drink,Sale,-26.86,
04/23/2024,04/23/2024,AMAZON.COM #2185,Shopping,Sale,-100.14,
10/27/2024,10/27/2024,UBER #2186,Travel,Sale,-199.75,
10/06/2024,10/06/2024,WHOLE FOODS #2187,Groceries,Sale,-168.67,
07/15/2024,07/15/2024,SHELL OIL #2188,Gas,Sale,-6.97,
02/08/2024,02/08/2024,NETFLIX #2189,Entertainment,Sale,-178.33,
04/27/2024,04/27/2024,CVS PHARMACY #2190,Health,Sale,-186.53,
03/08/2024,03/08/2024,UDEMY #2191,Education,Sale,-172.25,
06/08/2024,06/08/2024,STARBUCKS #2192,Food & Drink,Sale,-24.05,
09/16/2024,09/16/2024,AMAZON.COM #2193,Shopping,Sale,-74.92,
12/26/2024,12/26/2024,UBER #2194,Travel,Sale,-140.71,
10/03/2024,10/03/2024,WHOLE FOODS #2195,Groceries,Sale,-133.60,
11/25/2024,11/25/2024,SHELL OIL #2196,Gas,Sale,-7.29,
09/13/2024,09/13/2024,NETFLIX #2197,Entertainment,Sale,-147.59,
05/12/2024,05/12/2024,CVS PHARMACY #2198,Health,Sale,-144.20,
07/17/2024,07/17/2024,UDEMY #2199,Education,Sale,-20.08,
09/16/2024,09/16/2024,STARBUCKS #2200,Food & Drink,Sale,-125.20,
03/07/2024,03/07/2024,AMAZON.COM #2201,Shopping,Sale,-39.13,
01/09/2024,01/09/2024,UBER #2202,Travel,Sale,-91.58,
03/05/2024,03/05/2024,WHOLE FOODS #2203,Groceries,Sale,-174.41,
09/05/2024,09/05/2024,SHELL OIL #2204,Gas,Sale,-175.70,
11/24/2024,11/24/2024,NETFLIX #2205,Entertainment,Sale,-24.13,
02/06/2024,02/06/2024,CVS PHARMACY #2206,Health,Sale,-153.29,
01/11/2024,01/11/2024,UDEMY #2207,Education,Sale,-73.85,
05/08/2024,05/08/2024,STARBUCKS #2208,Food & Drink,Sale,-60.26,
10/05/2024,10/05/2024,AMAZON.COM #2209,Shopping,Sale,-93.47,
12/03/2024,12/03/2024,UBER #2210,Travel,Sale,-139.67,
09/07/2024,09/07/2024,WHOLE FOODS #2211,Groceries,Sale,-110.46,
09/25/2024,09/25/2024,SHELL OIL #2212,Gas,Sale,-186.46,
06/01/2024,06/01/2024,NETFLIX #2213,Entertainment,Sale,-180.43,
01/04/2024,01/04/2024,CVS PHARMACY #2214,Health,Sale,-67.20,
12/23/2024,12/23/2024,UDEMY #2215,Education,Sale,-59.08,
11/09/2024,11/09/2024,STARBUCKS #2216,Food & Drink,Sale,-187.70,
02/20/2024,02/20/2024,AMAZON.COM #2217,Shopping,Sale,-178.13,
07/09/2024,07/09/2024,UBER #2218,Travel,Sale,-109.46,
05/15/2024,05/15/2024,WHOLE FOODS #2219,Groceries,Sale,-145.62,
04/03/2024,04/03/2024,SHELL OIL #2220,Gas,Sale,-110.25,
10/28/2024,10/28/2024,NETFLIX #2221,Entertainment,Sale,-122.86,
10/25/2024,10/25/2024,CVS PHARMACY #2222,Health,Sale,-33.41,
02/17/2024,02/17/2024,UDEMY #2223,Education,Sale,-106.68,
02/18/2024,02/18/2024,STARBUCKS #2224,Food & Drink,Sale,-150.28,
11/07/2024,11/07/2024,AMAZON.COM #2225,Shopping,Sale,-33.93,
03/14/2024,03/14/2024,UBER #2226,Travel,Sale,-199.95,
01/04/2024,01/04/2024,WHOLE FOODS #2227,Groceries,Sale,-174.35,
07/28/2024,07/28/2024,SHELL OIL #2228,Gas,Sale,-92.79,
08/01/2024,08/01/2024,NETFLIX #2229,Entertainment,Sale,-119.74,
06/15/2024,06/15/2024,CVS PHARMACY #2230,Health,Sale,-185.50,
08/14/2024,08/14/2024,UDEMY #2231,Education,Sale,-58.71,
04/19/2024,04/19/2024,STARBUCKS #2232,Food & Drink,Sale,-117.31,
01/13/2024,01/13/2024,AMAZON.COM #2233,Shopping,Sale,-135.59,
11/01/2024,11/01/2024,UBER #2234,Travel,Sale,-160.04,
10/07/2024,10/07/2024,WHOLE FOODS #2235,Groceries,Sale,-92.41,
11/04/2024,11/04/2024,SHELL OIL #2236,Gas,Sale,-18.98,
07/09/2024,07/09/2024,NETFLIX #2237,Entertainment,Sale,-107.03,
07/27/2024,07/27/2024,CVS PHARMACY #2238,Health,Sale,-8.15,
07/03/2024,07/03/2024,UDEMY #2239,Education,Sale,-179.76,
04/13/2024,04/13/2024,STARBUCKS #2240,Food & Drink,Sale,-169.77,
08/24/2024,08/24/2024,AMAZON.COM #2241,Shopping,Sale,-126.58,
12/15/2024,12/15/2024,UBER #2242,Travel,Sale,-117.62,
04/08/2024,04/08/2024,WHOLE FOODS #2243,Groceries,Sale,-154.29,
08/16/2024,08/16/2024,SHELL OIL #2244,Gas,Sale,-2.20,
08/26/2024,08/26/2024,NETFLIX #2245,Entertainment,Sale,-158.62,
05/19/2024,05/19/2024,CVS PHARMACY #2246,Health,Sale,-159.18,
03/27/2024,03/27/2024,UDEMY #2247,Education,Sale,-189.55,
03/06/2024,03/06/2024,STARBUCKS #2248,Food & Drink,Sale,-180.47,
08/15/2024,08/15/2024,AMAZON.COM #2249,Shopping,Sale,-89.16,
07/14/2024,07/14/2024,UBER #2250,Travel,Sale,-196.48,
12/15/2024,12/15/2024,WHOLE FOODS #2251,Groceries,Sale,-128.92,
09/03/2024,09/03/2024,SHELL OIL #2252,Gas,Sale,-125.21,
01/21/2024,01/21/2024,NETFLIX #2253,Entertainment,Sale,-43.49,
01/11/2024,01/11/2024,CVS PHARMACY #2254,Health,Sale,-50.81,
01/23/2024,01/23/2024,UDEMY #2255,Education,Sale,-173.20,
11/24/2024,11/24/2024,STARBUCKS #2256,Food & Drink,Sale,-19.06,
07/13/2024,07/13/2024,AMAZON.COM #2257,Shopping,Sale,-39.36,
02/24/2024,02/24/2024,UBER #2258,Travel,Sale,-177.60,
04/25/2024,04/25/2024,WHOLE FOODS #2259,Groceries,Sale,-197.89,
10/23/2024,10/23/2024,SHELL OIL #2260,Gas,Sale,-179.52,
08/14/2024,08/14/2024,NETFLIX #2261,Entertainment,Sale,-126.92,
08/18/2024,08/18/2024,CVS PHARMACY #2262,Health,Sale,-13.54,
05/09/2024,05/09/2024,UDEMY #2263,Education,Sale,-154.48,
06/19/2024,06/19/2024,STARBUCKS #2264,Food & Drink,Sale,-160.84,
10/03/2024,10/03/2024,AMAZON.COM #2265,Shopping,Sale,-67.96,
03/01/2024,03/01/2024,UBER #2266,Travel,Sale,-76.57,
08/27/2024,08/27/2024,WHOLE FOODS #2267,Groceries,Sale,-190.85,
11/10/2024,11/10/2024,SHELL OIL #2268,Gas,Sale,-102.09,
03/23/2024,03/23/2024,NETFLIX #2269,Entertainment,Sale,-185.55,
01/12/2024,01/12/2024,CVS PHARMACY #2270,Health,Sale,-26.33,
12/14/2024,12/14/2024,UDEMY #2271,Education,Sale,-179.49,
05/04/2024,05/04/2024,STARBUCKS #2272,Food & Drink,Sale,-98.45,
07/17/2024,07/17/2024,AMAZON.COM #2273,Shopping,Sale,-9.45,
05/22/2024,05/22/2024,UBER #2274,Travel,Sale,-183.85,
05/24/2024,05/24/2024,WHOLE FOODS #2275,Groceries,Sale,-108.89,
04/02/2024,04/02/2024,SHELL OIL #2276,Gas,Sale,-92.77,
10/09/2024,10/09/2024,NETFLIX #2277,Entertainment,Sale,-185.99,
03/01/2024,03/01/2024,CVS PHARMACY #2278,Health,Sale,-98.94,
02/03/2024,02/03/2024,UDEMY #2279,Education,Sale,-166.54,
10/09/2024,10/09/2024,STARBUCKS #2280,Food & Drink,Sale,-84.20,
01/27/2024,01/27/2024,AMAZON.COM #2281,Shopping,Sale,-95.88,
06/14/2024,06/14/2024,UBER #2282,Travel,Sale,-45.85,
11/26/2024,11/26/2024,WHOLE FOODS #2283,Groceries,Sale,-80.85,
10/15/2024,10/15/2024,SHELL OIL #2284,Gas,Sale,-67.61,
04/06/2024,04/06/2024,NETFLIX #2285,Entertainment,Sale,-137.95,
08/07/2024,08/07/2024,CVS PHARMACY #2286,Health,Sale,-12.23,
05/21/2024,05/21/2024,UDEMY #2287,Education,Sale,-35.67,
12/01/2024,12/01/2024,STARBUCKS #2288,Food & Drink,Sale,-11.11,
03/04/2024,03/04/2024,AMAZON.COM #2289,Shopping,Sale,-22.33,
01/14/2024,01/14/2024,UBER #2290,Travel,Sale,-84.09,
07/21/2024,07/21/2024,WHOLE FOODS #2291,Groceries,Sale,-54.60,
03/21/2024,03/21/2024,SHELL OIL #2292,Gas,Sale,-56.20,
05/01/2024,05/01/2024,NETFLIX #2293,Entertainment,Sale,-42.38,
02/06/2024,02/06/2024,CVS PHARMACY #2294,Health,Sale,-79.20,
12/04/2024,12/04/2024,UDEMY #2295,Education,Sale,-10.24,
10/10/2024,10/10/2024,STARBUCKS #2296,Food & Drink,Sale,-15.08,
05/13/2024,05/13/2024,AMAZON.COM #2297,Shopping,Sale,-9.07,
06/08/2024,06/08/2024,UBER #2298,Travel,Sale,-24.38,
09/14/2024,09/14/2024,WHOLE FOODS #2299,Groceries,Sale,-44.73,
09/20/2024,09/20/2024,SHELL OIL #2300,Gas,Sale,-8.99,
02/17/2024,02/17/2024,NETFLIX #2301,Entertainment,Sale,-90.70,
12/01/2024,12/01/2024,CVS PHARMACY #2302,Health,Sale,-132.43,
09/06/2024,09/06/2024,UDEMY #2303,Education,Sale,-150.65,
09/07/2024,09/07/2024,STARBUCKS #2304,Food & Drink,Sale,-19.83,
03/14/2024,03/14/2024,AMAZON.COM #2305,Shopping,Sale,-179.16,
06/21/2024,06/21/2024,UBER #2306,Travel,Sale,-186.87,
04/04/2024,04/04/2024,WHOLE FOODS #2307,Groceries,Sale,-169.66,
12/04/2024,12/04/2024,SHELL OIL #2308,Gas,Sale,-194.20,
09/06/2024,09/06/2024,NETFLIX #2309,Entertainment,Sale,-134.29,
03/18/2024,03/18/2024,CVS PHARMACY #2310,Health,Sale,-23.79,
01/08/2024,01/08/2024,UDEMY #2311,Education,Sale,-166.73,
12/19/2024,12/19/2024,STARBUCKS #2312,Food & Drink,Sale,-87.91,
07/26/2024,07/26/2024,AMAZON.COM #2313,Shopping,Sale,-29.80,
06/17/2024,06/17/2024,UBER #2314,Travel,Sale,-60.27,
04/05/2024,04/05/2024,WHOLE FOODS #2315,Groceries,Sale,-105.05,
12/04/2024,12/04/2024,SHELL OIL #2316,Gas,Sale,-194.48,
04/16/2024,04/16/2024,NETFLIX #2317,Entertainment,Sale,-187.50,
04/01/2024,04/01/2024,CVS PHARMACY #2318,Health,Sale,-2.44,
03/03/2024,03/03/2024,UDEMY #2319,Education,Sale,-20.58,
09/07/2024,09/07/2024,STARBUCKS #2320,Food & Drink,Sale,-85.43,
06/04/2024,06/04/2024,AMAZON.COM #2321,Shopping,Sale,-29.30,
05/06/2024,05/06/2024,UBER #2322,Travel,Sale,-168.03,
12/17/2024,12/17/2024,WHOLE FOODS #2323,Groceries,Sale,-21.25,
07/21/2024,07/21/2024,SHELL OIL #2324,Gas,Sale,-162.52,
04/13/2024,04/13/2024,NETFLIX #2325,Entertainment,Sale,-31.67,
11/28/2024,11/28/2024,CVS PHARMACY #2326,Health,Sale,-103.28,
02/11/2024,02/11/2024,UDEMY #2327,Education,Sale,-183.30,
06/12/2024,06/12/2024,STARBUCKS #2328,Food & Drink,Sale,-140.77,
12/15/2024,12/15/2024,AMAZON.COM #2329,Shopping,Sale,-58.46,
10/24/2024,10/24/2024,UBER #2330,Travel,Sale,-193.94,
01/06/2024,01/06/2024,WHOLE FOODS #2331,Groceries,Sale,-25.42,
12/08/2024,12/08/2024,SHELL OIL #2332,Gas,Sale,-187.49,
09/21/2024,09/21/2024,NETFLIX #2333,Entertainment,Sale,-126.06,
06/20/2024,06/20/2024,CVS PHARMACY #2334,Health,Sale,-3.27,
07/24/2024,07/24/2024,UDEMY #2335,Education,Sale,-52.17,
11/18/2024,11/18/2024,STARBUCKS #2336,Food & Drink,Sale,-41.40,
12/11/2024,12/11/2024,AMAZON.COM #2337,Shopping,Sale,-69.62,
03/25/2024,03/25/2024,UBER #2338,Travel,Sale,-140.39,
05/06/2024,05/06/2024,WHOLE FOODS #2339,Groceries,Sale,-9.96,
02/13/2024,02/13/2024,SHELL OIL #2340,Gas,Sale,-126.20,
01/27/2024,01/27/2024,NETFLIX #2341,Entertainment,Sale,-69.22,
04/03/2024,04/03/2024,CVS PHARMACY #2342,Health,Sale,-43.02,
12/08/2024,12/08/2024,UDEMY #2343,Education,Sale,-60.69,
02/13/2024,02/13/2024,STARBUCKS #2344,Food & Drink,Sale,-128.84,
03/08/2024,03/08/2024,AMAZON.COM #2345,Shopping,Sale,-191.91,
12/07/2024,12/07/2024,UBER #2346,Travel,Sale,-172.19,
06/18/2024,06/18/2024,WHOLE FOODS #2347,Groceries,Sale,-58.83,
07/28/2024,07/28/2024,SHELL OIL #2348,Gas,Sale,-73.83,
05/17/2024,05/17/2024,NETFLIX #2349,Entertainment,Sale,-189.23,
12/05/2024,12/05/2024,CVS PHARMACY #2350,Health,Sale,-97.34,
01/01/2024,01/01/2024,UDEMY #2351,Education,Sale,-81.11,
07/23/2024,07/23/2024,STARBUCKS #2352,Food & Drink,Sale,-94.90,
09/26/2024,09/26/2024,AMAZON.COM #2353,Shopping,Sale,-93.41,
01/28/2024,01/28/2024,UBER #2354,Travel,Sale,-11.65,
10/22/2024,10/22/2024,WHOLE FOODS #2355,Groceries,Sale,-16.46,
02/23/2024,02/23/2024,SHELL OIL #2356,Gas,Sale,-172.83,
10/20/2024,10/20/2024,NETFLIX #2357,Entertainment,Sale,-68.04,
12/08/2024,12/08/2024,CVS PHARMACY #2358,Health,Sale,-79.06,
11/27/2024,11/27/2024,UDEMY #2359,Education,Sale,-14.73,
05/09/2024,05/09/2024,STARBUCKS #2360,Food & Drink,Sale,-112.97,
03/20/2024,03/20/2024,AMAZON.COM #2361,Shopping,Sale,-132.11,
12/28/2024,12/28/2024,UBER #2362,Travel,Sale,-53.93,
07/07/2024,07/07/2024,WHOLE FOODS #2363,Groceries,Sale,-26.03,
06/21/2024,06/21/2024,SHELL OIL #2364,Gas,Sale,-89.30,
05/11/2024,05/11/2024,NETFLIX #2365,Entertainment,Sale,-163.92,
02/06/2024,02/06/2024,CVS PHARMACY #2366,Health,Sale,-170.14,
01/23/2024,01/23/2024,UDEMY #2367,Education,Sale,-10.70,
11/16/2024,11/16/2024,STARBUCKS #2368,Food & Drink,Sale,-115.11,
11/16/2024,11/16/2024,AMAZON.COM #2369,Shopping,Sale,-176.22,
05/21/2024,05/21/2024,UBER #2370,Travel,Sale,-82.80,
05/24/2024,05/24/2024,WHOLE FOODS #2371,Groceries,Sale,-189.25,
02/23/2024,02/23/2024,SHELL OIL #2372,Gas,Sale,-98.61,
04/13/2024,04/13/2024,NETFLIX #2373,Entertainment,Sale,-192.70,
10/20/2024,10/20/2024,CVS PHARMACY #2374,Health,Sale,-35.66,
09/17/2024,09/17/2024,UDEMY #2375,Education,Sale,-60.94,
10/07/2024,10/07/2024,STARBUCKS #2376,Food & Drink,Sale,-16.00,
07/28/2024,07/28/2024,AMAZON.COM #2377,Shopping,Sale,-187.25,
08/22/2024,08/22/2024,UBER #2378,Travel,Sale,-40.28,
12/15/2024,12/15/2024,WHOLE FOODS #2379,Groceries,Sale,-98.35,
09/02/2024,09/02/2024,SHELL OIL #2380,Gas,Sale,-169.08,
01/27/2024,01/27/2024,NETFLIX #2381,Entertainment,Sale,-78.07,
10/26/2024,10/26/2024,CVS PHARMACY #2382,Health,Sale,-10.93,
10/03/2024,10/03/2024,UDEMY #2383,Education,Sale,-93.92,
04/13/2024,04/13/2024,STARBUCKS #2384,Food & Drink,Sale,-184.58,
09/04/2024,09/04/2024,AMAZON.COM #2385,Shopping,Sale,-80.38,
09/21/2024,09/21/2024,UBER #2386,Travel,Sale,-78.07,
09/03/2024,09/03/2024,WHOLE FOODS #2387,Groceries,Sale,-90.72,
09/10/2024,09/10/2024,SHELL OIL #2388,Gas,Sale,-161.00,
10/28/2024,10/28/2024,NETFLIX #2389,Entertainment,Sale,-152.35,
12/17/2024,12/17/2024,CVS PHARMACY #2390,Health,Sale,-50.85,
08/22/2024,08/22/2024,UDEMY #2391,Education,Sale,-80.29,
03/11/2024,03/11/2024,STARBUCKS #2392,Food & Drink,Sale,-200.28,
01/14/2024,01/14/2024,AMAZON.COM #2393,Shopping,Sale,-155.12,
11/07/2024,11/07/2024,UBER #2394,Travel,Sale,-197.32,
01/02/2024,01/02/2024,WHOLE FOODS #2395,Groceries,Sale,-40.27,
04/07/2024,04/07/2024,SHELL OIL #2396,Gas,Sale,-128.32,
05/12/2024,05/12/2024,NETFLIX #2397,Entertainment,Sale,-91.12,
05/08/2024,05/08/2024,CVS PHARMACY #2398,Health,Sale,-48.88,
11/07/2024,11/07/2024,UDEMY #2399,Education,Sale,-61.44,
03/08/2024,03/08/2024,STARBUCKS #2400,Food & Drink,Sale,-28.34,
09/13/2024,09/13/2024,AMAZON.COM #2401,Shopping,Sale,-199.48,
03/12/2024,03/12/2024,UBER #2402,Travel,Sale,-67.88,
02/14/2024,02/14/2024,WHOLE FOODS #2403,Groceries,Sale,-118.88,
12/22/2024,12/22/2024,SHELL OIL #2404,Gas,Sale,-38.89,
02/01/2024,02/01/2024,NETFLIX #2405,Entertainment,Sale,-176.79,
06/12/2024,06/12/2024,CVS PHARMACY #2406,Health,Sale,-37.82,
12/20/2024,12/20/2024,UDEMY #2407,Education,Sale,-152.36,
06/27/2024,06/27/2024,STARBUCKS #2408,Food & Drink,Sale,-102.22,
09/10/2024,09/10/2024,AMAZON.COM #2409,Shopping,Sale,-186.84,
07/22/2024,07/22/2024,UBER #2410,Travel,Sale,-147.20,
07/21/2024,07/21/2024,WHOLE FOODS #2411,Groceries,Sale,-109.94,
08/19/2024,08/19/2024,SHELL OIL #2412,Gas,Sale,-182.48,
08/27/2024,08/27/2024,NETFLIX #2413,Entertainment,Sale,-58.88,
12/12/2024,12/12/2024,CVS PHARMACY #2414,Health,Sale,-109.72,
10/23/2024,10/23/2024,UDEMY #2415,Education,Sale,-200.83,
12/05/2024,12/05/2024,STARBUCKS #2416,Food & Drink,Sale,-105.47,
10/03/2024,10/03/2024,AMAZON.COM #2417,Shopping,Sale,-101.10,
10/23/2024,10/23/2024,UBER #2418,Travel,Sale,-162.18,
11/01/2024,11/01/2024,WHOLE FOODS #2419,Groceries,Sale,-117.39,
04/04/2024,04/04/2024,SHELL OIL #2420,Gas,Sale,-154.25,
01/21/2024,01/21/2024,NETFLIX #2421,Entertainment,Sale,-49.89,
11/19/2024,11/19/2024,CVS PHARMACY #2422,Health,Sale,-31.80,
11/20/2024,11/20/2024,UDEMY #2423,Education,Sale,-91.85,
03/27/2024,03/27/2024,STARBUCKS #2424,Food & Drink,Sale,-188.20,
05/08/2024,05/08/2024,AMAZON.COM #2425,Shopping,Sale,-164.04,
01/06/2024,01/06/2024,UBER #2426,Travel,Sale,-85.51,
03/06/2024,03/06/2024,WHOLE FOODS #2427,Groceries,Sale,-108.58,
09/05/2024,09/05/2024,SHELL OIL #2428,Gas,Sale,-155.52,
03/01/2024,03/01/2024,NETFLIX #2429,Entertainment,Sale,-181.89,
05/04/2024,05/04/2024,CVS PHARMACY #2430,Health,Sale,-99.83,
01/15/2024,01/15/2024,UDEMY #2431,Education,Sale,-7.26,
03/03/2024,03/03/2024,STARBUCKS #2432,Food & Drink,Sale,-189.59,
10/18/2024,10/18/2024,AMAZON.COM #2433,Shopping,Sale,-158.70,
10/01/2024,10/01/2024,UBER #2434,Travel,Sale,-1.21,
05/23/2024,05/23/2024,WHOLE FOODS #2435,Groceries,Sale,-170.14,
02/18/2024,02/18/2024,SHELL OIL #2436,Gas,Sale,-140.36,
11/22/2024,11/22/2024,NETFLIX #2437,Entertainment,Sale,-108.70,
01/08/2024,01/08/2024,CVS PHARMACY #2438,Health,Sale,-38.05,
01/22/2024,01/22/2024,UDEMY #2439,Education,Sale,-8.96,
04/10/2024,04/10/2024,STARBUCKS #2440,Food & Drink,Sale,-171.50,
04/19/2024,04/19/2024,AMAZON.COM #2441,Shopping,Sale,-108.29,
11/17/2024,11/17/2024,UBER #2442,Travel,Sale,-90.58,
12/18/2024,12/18/2024,WHOLE FOODS #2443,Groceries,Sale,-55.64,
09/25/2024,09/25/2024,SHELL OIL #2444,Gas,Sale,-22.86,
10/09/2024,10/09/2024,NETFLIX #2445,Entertainment,Sale,-67.02,
04/27/2024,04/27/2024,CVS PHARMACY #2446,Health,Sale,-128.02,
04/09/2024,04/09/2024,UDEMY #2447,Education,Sale,-151.62,
03/12/2024,03/12/2024,STARBUCKS #2448,Food & Drink,Sale,-39.42,
07/12/2024,07/12/2024,AMAZON.COM #2449,Shopping,Sale,-186.51,
02/11/2024,02/11/2024,UBER #2450,Travel,Sale,-96.08,
07/03/2024,07/03/2024,WHOLE FOODS #2451,Groceries,Sale,-22.33,
07/06/2024,07/06/2024,SHELL OIL #2452,Gas,Sale,-171.50,
04/09/2024,04/09/2024,NETFLIX #2453,Entertainment,Sale,-32.35,
05/27/2024,05/27/2024,CVS PHARMACY #2454,Health,Sale,-136.82,
02/28/2024,02/28/2024,UDEMY #2455,Education,Sale,-107.73,
01/23/2024,01/23/2024,STARBUCKS #2456,Food & Drink,Sale,-9.54,
10/23/2024,10/23/2024,AMAZON.COM #2457,Shopping,Sale,-100.75,
08/27/2024,08/27/2024,UBER #2458,Travel,Sale,-2.28,
08/23/2024,08/23/2024,WHOLE FOODS #2459,Groceries,Sale,-80.04,
06/09/2024,06/09/2024,SHELL OIL #2460,Gas,Sale,-57.83,
11/27/2024,11/27/2024,NETFLIX #2461,Entertainment,Sale,-28.01,
09/11/2024,09/11/2024,CVS PHARMACY #2462,Health,Sale,-3.87,
08/16/2024,08/16/2024,UDEMY #2463,Education,Sale,-152.03,
10/20/2024,10/20/2024,STARBUCKS #2464,Food & Drink,Sale,-180.63,
05/08/2024,05/08/2024,AMAZON.COM #2465,Shopping,Sale,-151.02,
12/18/2024,12/18/2024,UBER #2466,Travel,Sale,-159.99,
08/28/2024,08/28/2024,WHOLE FOODS #2467,Groceries,Sale,-45.15,
08/07/2024,08/07/2024,SHELL OIL #2468,Gas,Sale,-118.29,
12/17/2024,12/17/2024,NETFLIX #2469,Entertainment,Sale,-85.27,
10/11/2024,10/11/2024,CVS PHARMACY #2470,Health,Sale,-43.93,
02/14/2024,02/14/2024,UDEMY #2471,Education,Sale,-142.74,
03/06/2024,03/06/2024,STARBUCKS #2472,Food & Drink,Sale,-109.75,
04/08/2024,04/08/2024,AMAZON.COM #2473,Shopping,Sale,-62.13,
06/01/2024,06/01/2024,UBER #2474,Travel,Sale,-70.50,
02/20/2024,02/20/2024,WHOLE FOODS #2475,Groceries,Sale,-73.72,
05/10/2024,05/10/2024,SHELL OIL #2476,Gas,Sale,-178.72,
12/01/2024,12/01/2024,NETFLIX #2477,Entertainment,Sale,-36.16,
01/13/2024,01/13/2024,CVS PHARMACY #2478,Health,Sale,-100.68,
05/06/2024,05/06/2024,UDEMY #2479,Education,Sale,-168.69,
11/10/2024,11/10/2024,STARBUCKS #2480,Food & Drink,Sale,-22.54,
03/26/2024,03/26/2024,AMAZON.COM #2481,Shopping,Sale,-105.10,
05/01/2024,05/01/2024,UBER #2482,Travel,Sale,-32.18,
12/13/2024,12/13/2024,WHOLE FOODS #2483,Groceries,Sale,-33.40,
07/07/2024,07/07/2024,SHELL OIL #2484,Gas,Sale,-195.97,
05/07/2024,05/07/2024,NETFLIX #2485,Entertainment,Sale,-148.77,
12/06/2024,12/06/2024,CVS PHARMACY #2486,Health,Sale,-129.06,
04/19/2024,04/19/2024,UDEMY #2487,Education,Sale,-162.48,
02/21/2024,02/21/2024,STARBUCKS #2488,Food & Drink,Sale,-6.85,
04/27/2024,04/27/2024,AMAZON.COM #2489,Shopping,Sale,-11.21,
07/10/2024,07/10/2024,UBER #2490,Travel,Sale,-127.85,
08/07/2024,08/07/2024,WHOLE FOODS #2491,Groceries,Sale,-71.87,
01/10/2024,01/10/2024,SHELL OIL #2492,Gas,Sale,-63.89,
01/07/2024,01/07/2024,NETFLIX #2493,Entertainment,Sale,-97.92,
09/12/2024,09/12/2024,CVS PHARMACY #2494,Health,Sale,-179.51,
06/08/2024,06/08/2024,UDEMY #2495,Education,Sale,-59.56,
04/20/2024,04/20/2024,STARBUCKS #2496,Food & Drink,Sale,-188.33,
05/24/2024,05/24/2024,AMAZON.COM #2497,Shopping,Sale,-188.53,
06/15/2024,06/15/2024,UBER #2498,Travel,Sale,-73.63,
11/08/2024,11/08/2024,WHOLE FOODS #2499,Groceries,Sale,-182.15,
